hour,biomasse,wasserkraft,wind_offshore,wind_onshore,photovoltaik,sonstige_erneuerbare,braunkohle,steinkohle,erdgas,pumpspeicher,sonstige_konventionelle
1,0.9161842773241866,0.7099213392954764,0.6035276180410083,0.4035276180410083,0.13052619222005157,0.5992820534850389,0.9404598825880177,0.9150190142383897,0.8679453120167658,0.6530623856024192,0.5712877030410295
2,0.8999433241220269,0.7190141688159295,0.7,0.5,0.25881904510252074,0.5604912855529892,0.9402336264047317,0.9026598486154696,0.8603653399991636,0.7771718324178118,0.6380475744874471
3,0.8973717362922267,0.6936919113041049,0.7828427124746191,0.582842712474619,0.3826834323650898,0.6977752438763378,0.9410448290806406,0.8923427455104208,0.8519201776828063,0.6390664416787882,0.6150039941472797
4,0.8915356775756123,0.6927481737091767,0.8464101615137755,0.6464101615137754,0.49999999999999994,0.6723187732180704,0.9597082065964884,0.9168332472574734,0.8318464530078473,0.6452314361482724,0.608758638514821
5,0.8902058775204224,0.7177510995560145,0.8863703305156274,0.6863703305156273,0.6087614290087207,0.5532822271198812,0.9422342453730976,0.8907175944117951,0.8628525142746797,0.6500748063617461,0.5118592953028456
6,0.9128370505463934,0.7075552231514712,0.9,0.7,0.7071067811865476,0.5762936485959258,0.9446466343265141,0.8920646597897679,0.8669000422349835,0.7194604596724699,0.5503485553669799
7,0.901656497054022,0.6843770423320413,0.8863703305156274,0.6863703305156273,0.7933533402912352,0.5334658398326197,0.9543879788950163,0.9143932654432723,0.8355198606565473,0.7116786232242143,0.6923286469498481
8,0.8814746567806256,0.6915841398742634,0.8464101615137756,0.6464101615137755,0.8660254037844386,0.6985004802391295,0.954648313142241,0.8895385700961124,0.8546275203418986,0.6004893968224203,0.5588740622748223
9,0.8857033283074894,0.6865221317677763,0.7828427124746191,0.582842712474619,0.9238795325112867,0.6254934826008077,0.952875923468142,0.9038315697008066,0.8482208892833066,0.6059817288190501,0.5448856814052644
10,0.9022213875908658,0.7169483782667222,0.7,0.5,0.9659258262890683,0.5558036035661761,0.9433076145903656,0.9199645666968764,0.8516342178345696,0.6465000683298417,0.5147762703275923
11,0.9158442130217631,0.6972179679035839,0.6035276180410084,0.4035276180410084,0.9914448613738104,0.6206934773635396,0.9495820515222086,0.8972658151712899,0.8403375879613167,0.7356858849461735,0.6341601997938118
12,0.8878792724209376,0.6927997125935683,0.5,0.30000000000000004,1.0,0.5222433547430838,0.9430793494305567,0.8967746689697029,0.852338106173848,0.6697376607173507,0.6087985685242234
13,0.8821901185228374,0.7072784218398718,0.3964723819589917,0.19647238195899167,0.9914448613738104,0.6764415189338207,0.9569729311620789,0.9166458122726894,0.8675853439999672,0.6662850239545429,0.5698045274061699
14,0.9044311224982697,0.7123992825219037,0.3000000000000001,0.10000000000000009,0.9659258262890683,0.5000120157028752,0.9533111585062962,0.8912885758223692,0.8586878097382546,0.7530392193348194,0.6001092390616827
15,0.9124828322875107,0.7081490343249065,0.21715728752538116,0.01715728752538115,0.9238795325112868,0.5184559029188717,0.9584990240348376,0.8949807680119295,0.8408978666419653,0.6816061566789806,0.6490219071918089
16,0.8978016979685514,0.7168323120619019,0.1535898384862246,0.046410161513775416,0.8660254037844387,0.5969499549331798,0.9540106886568965,0.8885462708301813,0.8346226495990485,0.7166348990766847,0.6647234901988065
17,0.908653021006859,0.6854444960713485,0.11362966948437264,0.08637033051562737,0.7933533402912352,0.5174248676952433,0.9525762792581569,0.8829818400028407,0.8404400280149135,0.7989670175608468,0.6594213910292922
18,0.9045966402390604,0.6913412616703318,0.09999999999999998,0.10000000000000003,0.7071067811865476,0.6094057812734105,0.9565534434325619,0.8872235842761277,0.8697042889382637,0.778348430116409,0.6821415792795508
19,0.8969203671203032,0.6905274184045372,0.11362966948437259,0.08637033051562742,0.6087614290087209,0.5609274125460401,0.9569150656449551,0.9006929014589373,0.8619479025652151,0.6002255665557248,0.5153452890731686
20,0.9084302147155027,0.6962349168285334,0.15358983848622454,0.04641016151377547,0.49999999999999994,0.5580205125723873,0.9466700442044664,0.9010178371835988,0.8427624920722094,0.7046869309424737,0.6595214674895242
21,0.9193996755899609,0.6944079570043521,0.21715728752538094,0.017157287525380926,0.3826834323650899,0.6581110450498757,0.9595788474725164,0.8927113183721656,0.8462238811393644,0.6116813510906847,0.6931886063077805
22,0.8827471114626351,0.6924773722488874,0.2999999999999998,0.09999999999999981,0.258819045102521,0.521239983529021,0.9570427085755274,0.9095419869120213,0.8421916786276802,0.7770592746983775,0.5095585914805821
23,0.8830550319562365,0.7007355221479418,0.39647238195899137,0.19647238195899136,0.130526192220052,0.6381845848618561,0.9525548138451816,0.9016291757893088,0.8556605873397822,0.7575224949476973,0.5161062715613184
24,0.8944385513582214,0.7024880804533268,0.5,0.3,0,0.6617355882357991,0.9574476814931698,0.8983961754661697,0.8390646253190307,0.7387117049998211,0.5563228879525974
25,0.8969122864538159,0.7122075674878767,0.6035276180410083,0.4035276180410083,0.13052619222005157,0.6193059811556806,0.9457991821685211,0.9139331215656907,0.851296183709705,0.6315547103527571,0.5997244204668408
26,0.8989480559499569,0.6931586261477662,0.7,0.5,0.25881904510252074,0.6662636393867438,0.9400117965434548,0.9143691929672045,0.8368936111956135,0.7592955277212989,0.5199577307170344
27,0.9064280935726896,0.6903749169986853,0.7828427124746191,0.582842712474619,0.3826834323650898,0.567481577484787,0.9415049011242144,0.8867054242701632,0.8355271454576311,0.6327989606992086,0.6619636348663983
28,0.908383304586153,0.7061322426791621,0.8464101615137755,0.6464101615137754,0.49999999999999994,0.5744270267100267,0.9516850002079374,0.9101365440384664,0.8641468878235817,0.7117143185494075,0.6903689094821949
29,0.9188533208285256,0.6966057852163864,0.8863703305156274,0.6863703305156273,0.6087614290087207,0.5762313021530077,0.9581801710036877,0.9144113056727827,0.8462440967707437,0.7546898055443972,0.5086563139101126
30,0.8944881524669089,0.6812693379524778,0.9,0.7,0.7071067811865476,0.6925729416528229,0.9449304054780393,0.9191292922652129,0.8698237177365442,0.6458685062262788,0.5571650112767751
31,0.885151158883269,0.6915057363518708,0.8863703305156274,0.6863703305156273,0.7933533402912352,0.5676417313326523,0.9451012561117126,0.9132407142641605,0.8609239603484593,0.7823333485061522,0.5714925800263294
32,0.9108596460887252,0.7172389919622199,0.8464101615137756,0.6464101615137755,0.8660254037844386,0.5832789007892568,0.9447724994971783,0.9122197513441681,0.8336626819139668,0.7478985805994675,0.5541638663251803
33,0.8966408623543022,0.701809277004396,0.7828427124746191,0.582842712474619,0.9238795325112867,0.6220212333474688,0.941540612101733,0.9155849463803439,0.8313732646298866,0.7531377926732025,0.6865415006357622
34,0.908146108486968,0.7147639967358026,0.7,0.5,0.9659258262890683,0.5351961831554476,0.957892574158801,0.8839245835676172,0.8341973426864019,0.7783534919505921,0.5816629942807086
35,0.8926547616010463,0.7051447005251659,0.6035276180410084,0.4035276180410084,0.9914448613738104,0.5659575856423056,0.9411495751294027,0.915578635170349,0.8487630146092288,0.6060402499270656,0.5030141961733358
36,0.9107294774462139,0.6951125434782687,0.5,0.30000000000000004,1.0,0.5282193460523679,0.9465066648648649,0.917667201421399,0.8595056620450233,0.6517572636757386,0.674559700803908
37,0.9009756536337999,0.6981530160689914,0.3964723819589917,0.19647238195899167,0.9914448613738104,0.6416150644154087,0.9427813682734062,0.8854077713171492,0.8564360886195874,0.7227124878136565,0.6605989719167754
38,0.8993132149487133,0.6812002635119934,0.3000000000000001,0.10000000000000009,0.9659258262890683,0.586058652325105,0.9581638184146313,0.8879182459753981,0.8673049931633439,0.6328158148104399,0.5566847370529123
39,0.8899963590963761,0.6813235006320207,0.21715728752538116,0.01715728752538115,0.9238795325112868,0.5059728946491482,0.9486992307545252,0.8808609337819423,0.8444714128416044,0.767246089216455,0.6696708172890512
40,0.9025266278715166,0.7147997933874811,0.1535898384862246,0.046410161513775416,0.8660254037844387,0.6547986368333838,0.9578698862823382,0.891089895035374,0.8442171011018128,0.7168527694853577,0.6542046386225997
41,0.8938884708622548,0.7174502796845169,0.11362966948437264,0.08637033051562737,0.7933533402912352,0.6378716761288301,0.9534168005240615,0.9048546016688861,0.8481843251558874,0.7665896983484869,0.6769217543593168
42,0.8957270778011539,0.7059629282669808,0.09999999999999998,0.10000000000000003,0.7071067811865476,0.6802627472798957,0.946277144061183,0.882515066874402,0.8467860763432316,0.7034283049905607,0.554328861910902
43,0.8860320368080974,0.7050925359766808,0.11362966948437259,0.08637033051562742,0.6087614290087209,0.53243994532734,0.9435228415826167,0.9191138285318051,0.8422942455763436,0.7491150681847363,0.5979456141545104
44,0.8843123578913916,0.7109627387255743,0.15358983848622454,0.04641016151377547,0.49999999999999994,0.5935639456467395,0.9463288332942258,0.9005862787412234,0.8540041973366216,0.6043074813481454,0.5547458065578119
45,0.89503231824606,0.7101719266939538,0.21715728752538094,0.017157287525380926,0.3826834323650899,0.680785546849145,0.9407802469256151,0.8805499932307181,0.8448209439291741,0.6067835365296341,0.5625994271147755
46,0.8838419483915249,0.7159970086049869,0.2999999999999998,0.09999999999999981,0.258819045102521,0.5217348581693404,0.9514039439311761,0.907514074446418,0.8673250980356271,0.7334664436996843,0.6980141812690595
47,0.899790527718491,0.7131734326785745,0.39647238195899137,0.19647238195899136,0.130526192220052,0.5043705844577265,0.9525753485348608,0.9188412794868507,0.8520756985987107,0.7556200270923864,0.5716403878673414
48,0.8908893749855461,0.683003746876489,0.5,0.3,0,0.5593181220518395,0.9409575741159996,0.9140136597694098,0.8570674484569321,0.6373927509591032,0.5820088148589064
49,0.9044550282954852,0.6893035782975933,0.6035276180410083,0.4035276180410083,0.13052619222005157,0.533274601543041,0.957586482177733,0.9105151483946244,0.8443514449170698,0.646990517995975,0.639215122765457
50,0.9110942811922002,0.6997461694392283,0.7,0.5,0.25881904510252074,0.6230906595382287,0.9595593440427889,0.8864387277353978,0.8359053608927808,0.6904122495065922,0.5977254223688616
51,0.8903688631050384,0.7023635809456548,0.7828427124746191,0.582842712474619,0.3826834323650898,0.52347209183415,0.9502098235154803,0.892489745763069,0.8450667405949872,0.6847666582355827,0.5416753786628324
52,0.8969011215155233,0.6893165577388163,0.8464101615137755,0.6464101615137754,0.49999999999999994,0.5752319635222835,0.9515926795787699,0.8913441404525326,0.8645524655804921,0.6434712099225071,0.6871961020923464
53,0.9135490231057027,0.7174614201431834,0.8863703305156274,0.6863703305156273,0.6087614290087207,0.6140170030980562,0.9434721894700719,0.889202694433414,0.8363681596182299,0.6694034262108876,0.5148788849442516
54,0.9197377043694723,0.6861363140597839,0.9,0.7,0.7071067811865476,0.5441054114725443,0.9572182996191543,0.9120609077078379,0.8680235318071231,0.6627008690916506,0.6233066481240718
55,0.8987025326435091,0.7074945642405159,0.8863703305156274,0.6863703305156273,0.7933533402912352,0.5964462652844672,0.9545257239018294,0.9157142952005088,0.8522470710157826,0.6842834981648089,0.5483174340245156
56,0.9139017004593291,0.7132924804640132,0.8464101615137756,0.6464101615137755,0.8660254037844386,0.5313389722121087,0.9454548221640848,0.9065624582144517,0.8500588847799012,0.7923079832155066,0.6100387843581235
57,0.8814364934386071,0.7068732554842595,0.7828427124746191,0.582842712474619,0.9238795325112867,0.6166739727478744,0.942019164022524,0.8907954804356799,0.8476875499994656,0.7197896587854431,0.5183994551927465
58,0.9174890478407731,0.6830638222981635,0.7,0.5,0.9659258262890683,0.5022922430819597,0.9533034417133621,0.9120197113953464,0.8540313448036012,0.7278993528974023,0.5553147444382828
59,0.8817168575825384,0.7199441308849415,0.6035276180410084,0.4035276180410084,0.9914448613738104,0.5484983501245052,0.9509007201557941,0.9072705937062397,0.8358425136620447,0.6915715371853727,0.5288665871471461
60,0.906223787253012,0.714683992993022,0.5,0.30000000000000004,1.0,0.5048887261407772,0.948994813478346,0.8869688058325823,0.8616042871789608,0.7662019243313454,0.5251015465677049
61,0.9166914219566278,0.6893229508731253,0.3964723819589917,0.19647238195899167,0.9914448613738104,0.5226407816475761,0.9437026488647532,0.918073757201582,0.8526707394306513,0.6695053762871878,0.6219069107003715
62,0.8952925824685977,0.6878217442617288,0.3000000000000001,0.10000000000000009,0.9659258262890683,0.5205566003940929,0.9492209298492634,0.9183653445041378,0.838300562873178,0.7172499080241906,0.5885757627382245
63,0.9112421259584355,0.6922425502542497,0.21715728752538116,0.01715728752538115,0.9238795325112868,0.5256698880156998,0.9470606816885996,0.9178641283932678,0.8301549588698318,0.6404416056402497,0.6954465535361412
64,0.8970569147202668,0.6987417280767804,0.1535898384862246,0.046410161513775416,0.8660254037844387,0.6455954634474212,0.952586163737717,0.8952498275908739,0.8311791427993064,0.7055320296357684,0.5953484630444721
65,0.9085627561883561,0.6894012649390895,0.11362966948437264,0.08637033051562737,0.7933533402912352,0.6326125799099845,0.9581531746689133,0.9196168724252395,0.8412937200038347,0.784149561587268,0.5918248011558538
66,0.9165017491477083,0.7095139578341793,0.09999999999999998,0.10000000000000003,0.7071067811865476,0.5371519439763972,0.9408479189778216,0.8922038361024898,0.8359458975388204,0.7502096502375803,0.5135872097264904
67,0.8938982044052154,0.7039928377162795,0.11362966948437259,0.08637033051562742,0.6087614290087209,0.5868364137449316,0.9458573928181514,0.8934983158331558,0.8542094005564587,0.6787420413861517,0.6996858402820874
68,0.9139958739647912,0.7199259304153985,0.15358983848622454,0.04641016151377547,0.49999999999999994,0.5520800239906345,0.9401286143707014,0.8938295011780177,0.8610799015305579,0.6436634602416043,0.6082787520610605
69,0.9109680696986704,0.717328819386583,0.21715728752538094,0.017157287525380926,0.3826834323650899,0.6643677988037647,0.9509195729435316,0.9062562358071623,0.8480222143876185,0.6673616458907978,0.5506505961661278
70,0.8985256394966973,0.7028226532707006,0.2999999999999998,0.09999999999999981,0.258819045102521,0.5882371199398083,0.9416812393248599,0.8993860713791884,0.8484834732384757,0.6209191454840659,0.5796669503258812
71,0.9059369342524483,0.7130788039970267,0.39647238195899137,0.19647238195899136,0.130526192220052,0.5692439207376754,0.9459874517285514,0.8810314817280529,0.8480553634087467,0.6349669600336073,0.6414793367195899
72,0.9100012990709248,0.6807254553563701,0.5,0.3,0,0.5651382413464957,0.9491435298491574,0.9017391545269327,0.8628249482248145,0.6392471740227391,0.526406095754564
73,0.8996578713017803,0.7045322993847091,0.6035276180410083,0.4035276180410083,0.13052619222005157,0.5650609913726603,0.9516782699525707,0.8985461075690578,0.8494062431553415,0.6284118014174189,0.6566888965259443
74,0.8842846953080264,0.6984643848659701,0.7,0.5,0.25881904510252074,0.5925055078097912,0.9550000599951652,0.8893362116683076,0.8543144867939436,0.7974285824251048,0.5568577087918924
75,0.884432853165653,0.7116184978057964,0.7828427124746191,0.582842712474619,0.3826834323650898,0.5687502270914839,0.9551028692493634,0.9103108215272595,0.8317055385125925,0.638696447722353,0.6695850111371454
76,0.9130649838369271,0.6946775309227355,0.8464101615137755,0.6464101615137754,0.49999999999999994,0.6857685907883937,0.9408593380724911,0.9026915942519508,0.8656868856634342,0.6318069009039853,0.6301940739815641
77,0.8957469157249703,0.6928611594192421,0.8863703305156274,0.6863703305156273,0.6087614290087207,0.5776540856163436,0.9464436202867722,0.9120698551024976,0.851883811526373,0.6659842184601592,0.6825493676525809
78,0.8955811538994698,0.6949436001055563,0.9,0.7,0.7071067811865476,0.5096729530979133,0.954698651504726,0.900455407873884,0.8547094721687449,0.7332106070323506,0.6330845815743811
79,0.9016862022915565,0.6913500043937115,0.8863703305156274,0.6863703305156273,0.7933533402912352,0.5094939076944529,0.9448096519852669,0.9087209524654966,0.8382066497490345,0.7125316042107182,0.5940989298575087
80,0.9138348565940179,0.7103153156519135,0.8464101615137756,0.6464101615137755,0.8660254037844386,0.5528031884346047,0.9560692088391223,0.9142253925372389,0.8524601792408824,0.6716786774770525,0.6315405242767951
81,0.8837332141982966,0.6874627759521009,0.7828427124746191,0.582842712474619,0.9238795325112867,0.5576856108175087,0.946710196610013,0.910314877569964,0.8689465857593609,0.782229138064904,0.5786025187475711
82,0.9007233572667148,0.6880618793426891,0.7,0.5,0.9659258262890683,0.6218988084724487,0.9486446940166434,0.9173627933113883,0.8681890716973354,0.655232704253852,0.6675135689839092
83,0.8966555763862881,0.7000574359459348,0.6035276180410084,0.4035276180410084,0.9914448613738104,0.6150366683683126,0.9428249932233915,0.9186220708793165,0.8426954588609651,0.6097957747223196,0.5778799136344124
84,0.9188920070248036,0.7021399345785218,0.5,0.30000000000000004,1.0,0.5035184911870627,0.9515885502573145,0.9045327797997187,0.8643202892707607,0.70671764693045,0.6220066802447545
85,0.9104406346618324,0.7098500219579218,0.3964723819589917,0.19647238195899167,0.9914448613738104,0.6431442968362855,0.9515049996814723,0.8945381476497806,0.8630749114485131,0.7875433689627761,0.5531396449974237
86,0.8965774463067087,0.7074980361565518,0.3000000000000001,0.10000000000000009,0.9659258262890683,0.6714852021377985,0.9506772140189003,0.9073771107066246,0.8425721072965757,0.6805586423071953,0.537504093963282
87,0.899477176790285,0.7155925176026057,0.21715728752538116,0.01715728752538115,0.9238795325112868,0.5249246219356793,0.9531883893299243,0.8883542376324309,0.8504986255362266,0.6975947406599438,0.5190595050139337
88,0.9078227469973194,0.7157438273792003,0.1535898384862246,0.046410161513775416,0.8660254037844387,0.6706233954742231,0.9570567141258425,0.9010542594025738,0.8420424670236587,0.7790009791711591,0.566080462349728
89,0.9016673393133849,0.7118962224084354,0.11362966948437264,0.08637033051562737,0.7933533402912352,0.6758572252423378,0.9525429781848304,0.8873231961560866,0.85169944470496,0.7993854326212891,0.5684073635177836
90,0.9039879222732067,0.7010020026721352,0.09999999999999998,0.10000000000000003,0.7071067811865476,0.6644759286995606,0.9516588736001581,0.8992048502292034,0.8350166523583669,0.722795262146342,0.6141686486682228
91,0.8804678396219827,0.7085616260811262,0.11362966948437259,0.08637033051562742,0.6087614290087209,0.5990698588419018,0.9439661777204997,0.9133765085089292,0.856176122065103,0.6095081216092804,0.6568898658526989
92,0.8842530928645458,0.7187244711319034,0.15358983848622454,0.04641016151377547,0.49999999999999994,0.5919890600360573,0.9471053100462667,0.8856657890405687,0.8689273085323556,0.7123792727342281,0.6294631720308059
93,0.8987907302565273,0.6895474904381543,0.21715728752538094,0.017157287525380926,0.3826834323650899,0.5874703666101805,0.9560672646196077,0.8991078353809101,0.868911241311925,0.6629887650082705,0.5847542784575538
94,0.8928643917632388,0.7181381059869254,0.2999999999999998,0.09999999999999981,0.258819045102521,0.6805888634979153,0.9462680360978244,0.883880205108691,0.8488546871874544,0.7902688251080983,0.5503982850454491
95,0.9077228606299352,0.6915000248950073,0.39647238195899137,0.19647238195899136,0.130526192220052,0.6289991280604652,0.9438618519146924,0.8870267499009026,0.8520735007950148,0.6796380114044287,0.5842159554574736
96,0.8911508869840686,0.6863025759907277,0.5,0.3,0,0.5331002361807988,0.9597956226094262,0.913533447845759,0.8321998826365349,0.6174573128704376,0.527343923010375
97,0.9175847779903273,0.7097901255620896,0.6035276180410083,0.4035276180410083,0.13052619222005157,0.606566964955043,0.9485219990499251,0.9009032224223915,0.8353628113245459,0.7580268285315426,0.6675995761947082
98,0.9068912492053678,0.7070253801636095,0.7,0.5,0.25881904510252074,0.5475357219994944,0.9431559646696066,0.887324353882621,0.8435622961610898,0.6936856866165013,0.6463772776981455
99,0.8996616941679167,0.7069801227259798,0.7828427124746191,0.582842712474619,0.3826834323650898,0.573961645706191,0.9441681139700226,0.8971077033835427,0.8556740808340845,0.6573348682832374,0.6385654553973839
100,0.8885259560662148,0.6939395944069426,0.8464101615137755,0.6464101615137754,0.49999999999999994,0.648609231263037,0.9513990692280254,0.8806220619017702,0.8676651283393162,0.6087100211880151,0.6644954761785519
101,0.9169410109203529,0.7066730439740064,0.8863703305156274,0.6863703305156273,0.6087614290087207,0.6398322998368008,0.951009650225129,0.9199231202588489,0.8357745255160833,0.7109289758394304,0.6017422220623012
102,0.890549377487873,0.7052782146555102,0.9,0.7,0.7071067811865476,0.5075004057409429,0.9462819342925612,0.8998379356876941,0.8475729522717632,0.6039071782981983,0.607850485060261
103,0.908458064722771,0.714728715496308,0.8863703305156274,0.6863703305156273,0.7933533402912352,0.5212551738773742,0.9529717727095071,0.8957917922104359,0.8331929992249383,0.7296371798681092,0.5372346986674813
104,0.8925732251182068,0.6954137635159344,0.8464101615137756,0.6464101615137755,0.8660254037844386,0.5155780897297372,0.9509037755059915,0.905192176249305,0.8369342542308098,0.7718563070910535,0.5998878857712745
105,0.9147539850420452,0.6945757512846257,0.7828427124746191,0.582842712474619,0.9238795325112867,0.6648938743933244,0.9424256085965471,0.9017639411174203,0.8519708469205717,0.6150340803278892,0.6404129770174163
106,0.8828323040011846,0.7088310579990065,0.7,0.5,0.9659258262890683,0.5655738530534158,0.9421901074240282,0.91180576867469,0.8561000663956578,0.6233012535409421,0.5647782626351614
107,0.880451244416589,0.7054617143662084,0.6035276180410084,0.4035276180410084,0.9914448613738104,0.6958186996344957,0.9464517274681411,0.8922898917217816,0.8373946907048154,0.6844312770624172,0.6737692721827426
108,0.912565088886602,0.7121442368149047,0.5,0.30000000000000004,1.0,0.6285160584573908,0.9577926849703492,0.8895316204578696,0.8558575061526363,0.6781411362571914,0.5814616953223088
109,0.8929624300789379,0.6889224364248221,0.3964723819589917,0.19647238195899167,0.9914448613738104,0.6969821374245996,0.9544004755719399,0.8917295224488706,0.864042774845557,0.6803543537548087,0.5971926060795836
110,0.8936314994979269,0.7087330289385084,0.3000000000000001,0.10000000000000009,0.9659258262890683,0.5801676455132785,0.9499026688870599,0.8995006104445127,0.8611077184957853,0.6247734715310755,0.5597627533103084
111,0.9171578022294736,0.6876843701113697,0.21715728752538116,0.01715728752538115,0.9238795325112868,0.6779509697315285,0.9400210196806812,0.8976439231178864,0.8484208168484513,0.6580270591533409,0.6338857039320882
112,0.8881343216094219,0.6831107992779913,0.1535898384862246,0.046410161513775416,0.8660254037844387,0.6548038881495113,0.9441474800669228,0.9186349260916197,0.8330040115270254,0.790861870852877,0.5871644949086356
113,0.9142876634238285,0.7102373822050951,0.11362966948437264,0.08637033051562737,0.7933533402912352,0.623549432903344,0.9454477840795458,0.8879143196015298,0.8422648703050943,0.646378103911783,0.5762348343209401
114,0.9110660459532047,0.6805888423245405,0.09999999999999998,0.10000000000000003,0.7071067811865476,0.6730416028160966,0.948884939583534,0.9054983093031084,0.8642030971571355,0.6601671514517898,0.6098454634512885
115,0.8975271828693103,0.6926779791114323,0.11362966948437259,0.08637033051562742,0.6087614290087209,0.6058189066010067,0.9531797354952596,0.9009546020052477,0.8684393186761855,0.7855887179532065,0.619559430908313
116,0.8806681989827843,0.7197466212122685,0.15358983848622454,0.04641016151377547,0.49999999999999994,0.6538498291805761,0.9422542027630179,0.9185959791054961,0.8306399784229277,0.7084558778297314,0.5748400417306634
117,0.8992938263173922,0.6892319941772492,0.21715728752538094,0.017157287525380926,0.3826834323650899,0.5902376271772913,0.9518128627829789,0.916836025650213,0.8504480089821607,0.7168712810588831,0.6389624613344701
118,0.9026003288169732,0.6923142821998625,0.2999999999999998,0.09999999999999981,0.258819045102521,0.6169597213281739,0.9415150804297322,0.8881092425697309,0.8456805503964272,0.7369430897385728,0.5920284702252487
119,0.9140478060599736,0.7050568266161115,0.39647238195899137,0.19647238195899136,0.130526192220052,0.5999029234766636,0.9417942361488454,0.9108766812818508,0.8310207962474148,0.7924371554521259,0.569263390986323
120,0.9022677037557518,0.7061714491982777,0.5,0.3,0,0.639192858414336,0.9447287518651636,0.9041299141013702,0.8331757806745368,0.7983421545182912,0.572833234051624
121,0.8902048400574781,0.7158644495854412,0.6035276180410083,0.4035276180410083,0.13052619222005157,0.6789466833414067,0.9524546491903793,0.8977058255645416,0.8671827637828473,0.7168267029811162,0.6047330509254434
122,0.9148235610760075,0.7091385856768873,0.7,0.5,0.25881904510252074,0.6542110738725098,0.9498717563102951,0.9007072078583575,0.8590519342783157,0.7516507497547087,0.5407711944588041
123,0.9009780424514177,0.6891253239872835,0.7828427124746191,0.582842712474619,0.3826834323650898,0.5889741634484721,0.9407575665128883,0.9151773792528881,0.8455918336219006,0.7031977782620109,0.5626459175547992
124,0.8887967187723158,0.6936458984991816,0.8464101615137755,0.6464101615137754,0.49999999999999994,0.5473560076817207,0.9474450185679337,0.8903603917990063,0.8336946759600439,0.6211961908709208,0.6731450065674116
125,0.9002272469436652,0.6941155993293161,0.8863703305156274,0.6863703305156273,0.6087614290087207,0.6295253925574122,0.9526301573308987,0.894621539132802,0.8411608046672436,0.6031949221989374,0.5500544206166901
126,0.8835316692437869,0.6839891993264241,0.9,0.7,0.7071067811865476,0.6972639997167148,0.9433251635787596,0.9039283783945614,0.852644234993343,0.647872307723533,0.6361951803408511
127,0.9133526490739298,0.6987674012855835,0.8863703305156274,0.6863703305156273,0.7933533402912352,0.5020132628781137,0.9533478709702077,0.9001760616052206,0.8589093783365223,0.7336567234166683,0.6562464488042232
128,0.8833206602123246,0.6948553820382937,0.8464101615137756,0.6464101615137755,0.8660254037844386,0.6093393046849946,0.9498995030639625,0.8928723198019232,0.8392310956613566,0.6956270232231561,0.5415084598062287
129,0.8892316185044836,0.7173287896730731,0.7828427124746191,0.582842712474619,0.9238795325112867,0.5435889890417809,0.9564345305047033,0.8870332920504912,0.8334371077818219,0.7899859652559332,0.6162655570816296
130,0.8842282974155596,0.6986899700552686,0.7,0.5,0.9659258262890683,0.5992624655281182,0.9576954404231479,0.8933390346779023,0.8364334648448967,0.6663452211187374,0.6619054880021378
131,0.8975949575798363,0.6918892099046006,0.6035276180410084,0.4035276180410084,0.9914448613738104,0.6231754484148523,0.9407359175303643,0.8981464641572617,0.8437501055099187,0.7027515800248346,0.6695970069682806
132,0.898577737821966,0.6917839318316577,0.5,0.30000000000000004,1.0,0.5319376651339208,0.9449877200844318,0.8927753662533813,0.8324954750970132,0.7334112670230271,0.5559406863929752
133,0.8867747898032033,0.7153336936034927,0.3964723819589917,0.19647238195899167,0.9914448613738104,0.6004068875875849,0.9467088740426307,0.8852573994721172,0.8687166865677131,0.69779897116344,0.598262969206815
134,0.9129485578526082,0.7186811388674089,0.3000000000000001,0.10000000000000009,0.9659258262890683,0.5192020663206479,0.9542611271810716,0.9196964099487033,0.8327624476017463,0.6244766817972138,0.5447717507656208
135,0.9063001012710529,0.6894578434372518,0.21715728752538116,0.01715728752538115,0.9238795325112868,0.5718007085392991,0.9442203538189275,0.8879030317980658,0.84920810036166,0.6025876775197767,0.5946869197310365
136,0.9059388617871501,0.7104793501150768,0.1535898384862246,0.046410161513775416,0.8660254037844387,0.6456814971007374,0.9514678567093356,0.9161715756523341,0.8358989873832711,0.6374096251895314,0.5315994927002458
137,0.9121468512064985,0.7011262675768186,0.11362966948437264,0.08637033051562737,0.7933533402912352,0.6886615516042103,0.9422196519110774,0.8941745229207423,0.852819235229454,0.7428617347935785,0.6622418686107852
138,0.8979165043240113,0.6808508292760321,0.09999999999999998,0.10000000000000003,0.7071067811865476,0.5679430274743335,0.9586780719805583,0.880538404863037,0.8659144569909517,0.7838482344323846,0.6531103727260832
139,0.9043474221465759,0.7195245343350372,0.11362966948437259,0.08637033051562742,0.6087614290087209,0.5862227876589133,0.943409810955078,0.9134253508314225,0.8647768923561816,0.6611119316831064,0.5633516228148742
140,0.8925549687152449,0.6872864056025083,0.15358983848622454,0.04641016151377547,0.49999999999999994,0.522153005360724,0.9420678709569303,0.9102325485928959,0.8502264216833157,0.7119835555639116,0.6127350914383831
141,0.8847564702290355,0.7089218848781702,0.21715728752538094,0.017157287525380926,0.3826834323650899,0.544380177929806,0.9440587216963008,0.8948421970187506,0.8696839885833689,0.7441530675271799,0.5943429390441072
142,0.9198340767666977,0.6992964765186153,0.2999999999999998,0.09999999999999981,0.258819045102521,0.5936238528981778,0.9596787576135302,0.9155015134080643,0.8417168671746778,0.7386121522315002,0.665813142416302
143,0.9197920227788805,0.7106781323207259,0.39647238195899137,0.19647238195899136,0.130526192220052,0.688493548597989,0.9504345450687552,0.8835790895468645,0.8331827499838325,0.7774334995563155,0.5822322542483795
144,0.90668025990804,0.7140440563448992,0.5,0.3,0,0.6071970504324642,0.9560579789129422,0.8955276323335195,0.8310482734412693,0.662415680196138,0.6644436815872705
145,0.9092902935934107,0.6902962699873838,0.6035276180410083,0.4035276180410083,0.13052619222005157,0.5089731910007557,0.9470884141630589,0.893689683504129,0.8357819562578447,0.6402747666052991,0.5043961578630527
146,0.9048014587297231,0.6902555224645183,0.7,0.5,0.25881904510252074,0.5274383870901903,0.9547977290760302,0.889670024848079,0.8400699721182008,0.6108532104350335,0.6446390802087701
147,0.8900148947849192,0.700422939668202,0.7828427124746191,0.582842712474619,0.3826834323650898,0.6879753542325515,0.9487709540825529,0.8886862442893535,0.8626047309813002,0.7166070107743737,0.6184679467190431
148,0.8912498300317858,0.7031690748300737,0.8464101615137755,0.6464101615137754,0.49999999999999994,0.6935067820102547,0.9570092091966175,0.8909423104192645,0.8553500384199358,0.7557939704275826,0.5108304266471044
149,0.8994465266801724,0.6889456142882671,0.8863703305156274,0.6863703305156273,0.6087614290087207,0.615454846552198,0.9511944217858775,0.8971550525354655,0.8612868833587103,0.7663889000662284,0.5226461642745907
150,0.8875347641565406,0.7165555861311935,0.9,0.7,0.7071067811865476,0.5640196030750906,0.9451475396989453,0.9184450766303238,0.8675827506885415,0.6954840928207684,0.6251912981229852
151,0.8921394557624935,0.6942566942694017,0.8863703305156274,0.6863703305156273,0.7933533402912352,0.6138196203603944,0.94156514087446,0.883875269103201,0.8402000298594171,0.7006063792621573,0.5180273182091991
152,0.9050224165709946,0.7180544579220649,0.8464101615137756,0.6464101615137755,0.8660254037844386,0.6562106165492426,0.9442775575943068,0.8932837987497664,0.8456099264563373,0.6948899981407188,0.566459154918118
153,0.9177366070278261,0.7112198809816783,0.7828427124746191,0.582842712474619,0.9238795325112867,0.538742700944325,0.9556678455280534,0.8812283474335231,0.8383158040116832,0.7746995074896035,0.6169935309926365
154,0.9083654912657958,0.7092891950879651,0.7,0.5,0.9659258262890683,0.6962823136904832,0.9434501696450506,0.8920808437766746,0.8417032799421557,0.7351857447672769,0.5927993930102474
155,0.8831494161120652,0.6926897027389385,0.6035276180410084,0.4035276180410084,0.9914448613738104,0.6911393673520038,0.9551916154430553,0.8950661199982387,0.8409283198355667,0.7163203577531104,0.5971110658491174
156,0.9157861253116409,0.6915767545115448,0.5,0.30000000000000004,1.0,0.5948436453503587,0.9427090022150493,0.9123667468565029,0.8643719566501875,0.6329228396622998,0.641710934701005
157,0.887709044031105,0.7093794786248035,0.3964723819589917,0.19647238195899167,0.9914448613738104,0.6800548924748138,0.9405398655301844,0.9137042073757419,0.8598394971140336,0.6753923410781816,0.6202551768812724
158,0.9099709337601006,0.685418188932298,0.3000000000000001,0.10000000000000009,0.9659258262890683,0.679875091400107,0.9472258808652547,0.8977114818181723,0.8506543875360273,0.7466467926698317,0.5136389372066744
159,0.9156992216586735,0.6856202457897926,0.21715728752538116,0.01715728752538115,0.9238795325112868,0.692769476230368,0.9443079321561123,0.8890437460127775,0.848309848269885,0.7651728460131363,0.5399765296857174
160,0.8936005918423752,0.7020224491214013,0.1535898384862246,0.046410161513775416,0.8660254037844387,0.5419129755631236,0.9531860818158032,0.8827444746703625,0.8650309940242922,0.7391021995213678,0.6290099700118243
161,0.8956346030834387,0.691738724387787,0.11362966948437264,0.08637033051562737,0.7933533402912352,0.6055806521577869,0.9594237433119125,0.9184100714417539,0.8693740248666691,0.7829257702150418,0.6640351551625499
162,0.9086612685444213,0.7104555655261914,0.09999999999999998,0.10000000000000003,0.7071067811865476,0.6765397823846604,0.9519479393219835,0.9000355453905761,0.8565881238283357,0.7942116863898349,0.577183361124283
163,0.9096482800371753,0.6928893399419009,0.11362966948437259,0.08637033051562742,0.6087614290087209,0.611772121450285,0.9518181607997138,0.9131976318402317,0.8321688525825682,0.6776298186347277,0.5033666221688393
164,0.9171536946815915,0.7171391456269788,0.15358983848622454,0.04641016151377547,0.49999999999999994,0.6607949305594782,0.9527901898937816,0.8948179760562199,0.8347076202384716,0.7729754295537867,0.6807864733349994
165,0.8822715355673888,0.687842010088239,0.21715728752538094,0.017157287525380926,0.3826834323650899,0.5311277775979105,0.9420105202127568,0.8852358935011821,0.8529821857542206,0.6654554917657282,0.5850144324367543
166,0.9129082133090957,0.6918518287150686,0.2999999999999998,0.09999999999999981,0.258819045102521,0.6095258756278127,0.9419734283609654,0.8911247596503563,0.8583966050350488,0.621305282172604,0.6469143737807396
167,0.9115425791025287,0.702219896741854,0.39647238195899137,0.19647238195899136,0.130526192220052,0.6760734464630842,0.9417850722157516,0.8894542483984412,0.8359981141137796,0.6670216726282775,0.6476466271118925
168,0.9015229055540169,0.7052365439099814,0.5,0.3,0,0.6431501037385776,0.9545430100961495,0.9128364504582906,0.8331788595504213,0.6771169391919083,0.6687144801123773
169,0.8976915303806484,0.7135742977108102,0.6035276180410083,0.4035276180410083,0.13052619222005157,0.5094345586328412,0.9455398400308331,0.8921952981387647,0.8578300209687976,0.6516913417563589,0.6864190877565053
170,0.8878696394114476,0.7169444237050231,0.7,0.5,0.25881904510252074,0.6328138769042699,0.9426995247806169,0.8999139399665732,0.8641497164567471,0.6015172636913179,0.646496829972729
171,0.9158005264968627,0.6811476333104345,0.7828427124746191,0.582842712474619,0.3826834323650898,0.6532396075478959,0.9479059621952798,0.9012645747279753,0.8573359372363353,0.658460471682187,0.6752740488102414
172,0.910085164656611,0.69187158431321,0.8464101615137755,0.6464101615137754,0.49999999999999994,0.5238722936314808,0.9522865101990038,0.8949175633588425,0.8483009908171124,0.7260266257796908,0.590761494861513
173,0.9106015979332787,0.6866418904711363,0.8863703305156274,0.6863703305156273,0.6087614290087207,0.6005878599530189,0.9439986899505105,0.8888136293031456,0.867737131701347,0.7205176697015109,0.5541054406912386
174,0.8815898823290482,0.6942954044229717,0.9,0.7,0.7071067811865476,0.6568602165019971,0.9552473622473332,0.8991730125352386,0.8438107363064301,0.717300476758267,0.6525898781164625
175,0.8920430964561797,0.6854331073899887,0.8863703305156274,0.6863703305156273,0.7933533402912352,0.6131789646187783,0.9531113056843987,0.8920851070095493,0.8540158802462642,0.7309908301122159,0.6991829140317094
176,0.8939554641750472,0.6889157829487823,0.8464101615137756,0.6464101615137755,0.8660254037844386,0.5763534563922873,0.9589633248420449,0.9086160874121891,0.849585215679245,0.6705798116994106,0.5912925398414595
177,0.8927175147924519,0.7029646479266195,0.7828427124746191,0.582842712474619,0.9238795325112867,0.6227546439158238,0.959080848380943,0.9053462435974169,0.8674861343170924,0.7554610073301269,0.678816672597634
178,0.9031536862153391,0.7163729033907545,0.7,0.5,0.9659258262890683,0.6042996410270024,0.9495328342204156,0.8820401653433929,0.8435853905533506,0.6494957513948632,0.5271423375896349
179,0.8905448864253886,0.7000946492831195,0.6035276180410084,0.4035276180410084,0.9914448613738104,0.577332122549687,0.9457353147503691,0.8934256803014329,0.8393597889641967,0.7993728255100124,0.5661506310455133
180,0.8944532334535021,0.6983625847870626,0.5,0.30000000000000004,1.0,0.5769718958337364,0.9456394521753417,0.8884195666779735,0.8396520246320608,0.6930855846403556,0.6271365994817157
181,0.9102363519720732,0.7192649050890333,0.3964723819589917,0.19647238195899167,0.9914448613738104,0.54576637763532,0.9540778780870773,0.9050881644756785,0.8380897099504256,0.6461863924024086,0.5754277963131601
182,0.8866105170896679,0.7189673398018522,0.3000000000000001,0.10000000000000009,0.9659258262890683,0.6747582864734827,0.9482337959701514,0.8918750329395996,0.8421144255588309,0.7775848849152445,0.6871804104885118
183,0.9011415657742594,0.7167022201923221,0.21715728752538116,0.01715728752538115,0.9238795325112868,0.56644823385174,0.9494924180162653,0.9144128031655802,0.8308433133669759,0.6559047535702256,0.544360580815196
184,0.8954753550434429,0.6836011481252564,0.1535898384862246,0.046410161513775416,0.8660254037844387,0.6116636560727301,0.9415932839759196,0.905452572353007,0.8416067239059861,0.6516925060186247,0.6021786373516371
185,0.9110651877596272,0.7147737574718909,0.11362966948437264,0.08637033051562737,0.7933533402912352,0.6393688493112553,0.9454072007012604,0.8919030543625652,0.8356313922751182,0.668800477882596,0.5669443482897566
186,0.9189968408462657,0.712328616937321,0.09999999999999998,0.10000000000000003,0.7071067811865476,0.6284213632207493,0.9403215463422497,0.8957236955535964,0.8316561111363809,0.6430877712729739,0.6240768323783843
187,0.8955556085483368,0.6979270542330709,0.11362966948437259,0.08637033051562742,0.6087614290087209,0.5093481879834674,0.9518574137608227,0.8893567205517406,0.8529307194643112,0.6513621570721998,0.5567841155962949
188,0.8948984105265143,0.6844904125207466,0.15358983848622454,0.04641016151377547,0.49999999999999994,0.631116560932014,0.9419747387587746,0.9152406316102116,0.8605202042416148,0.6949582059048617,0.6199677399495653
189,0.8800221191225984,0.7175566354388546,0.21715728752538094,0.017157287525380926,0.3826834323650899,0.663437224902515,0.9546423221240032,0.8921162074328994,0.8478683034779863,0.6912977492432836,0.6830879649384065
190,0.9187967926110288,0.6901688642321604,0.2999999999999998,0.09999999999999981,0.258819045102521,0.5366041313154889,0.9437258129961894,0.8834959800039311,0.8434079115280867,0.7478361986509987,0.6775802872312664
191,0.8947353931260013,0.7093685002988444,0.39647238195899137,0.19647238195899136,0.130526192220052,0.5566221107326518,0.9419153194516245,0.8956087426644076,0.8688187239239218,0.7776448056938368,0.6089154879946523
192,0.9046766200690494,0.6930635823625628,0.5,0.3,0,0.6432031025628518,0.9500312217395325,0.8872598176224726,0.8471354978246098,0.6662870451285395,0.5839937942627553
193,0.8800939862966446,0.7166521110342207,0.6035276180410083,0.4035276180410083,0.13052619222005157,0.5921596154364026,0.941464667680448,0.9100536770272163,0.8363759273143477,0.6104529668961372,0.5324485200721234
194,0.8941438508618098,0.6952848581591344,0.7,0.5,0.25881904510252074,0.5306577983700668,0.9540989375150908,0.8915817044647616,0.8661356749043063,0.6662877450612735,0.522989162581284
195,0.9082082378739952,0.7197010279622853,0.7828427124746191,0.582842712474619,0.3826834323650898,0.5194674660396877,0.9505389859263325,0.9039284940600487,0.8420132648541493,0.6919719422613937,0.5063078033853115
196,0.886411713809752,0.7081544856995454,0.8464101615137755,0.6464101615137754,0.49999999999999994,0.6118571027189554,0.9520810762706153,0.9161110155623524,0.8477630488181704,0.7928900716626421,0.506325603024478
197,0.9073275403358861,0.7182945546115634,0.8863703305156274,0.6863703305156273,0.6087614290087207,0.5450889355982177,0.9420257300912772,0.9085915261828341,0.8391551612204198,0.7839286801567672,0.6958653957635403
198,0.9032998064875848,0.7060484587519739,0.9,0.7,0.7071067811865476,0.6734542410418943,0.9452546626045288,0.8989009026285615,0.8694479173314984,0.7664689298888109,0.6216310275073913
199,0.8922680951962335,0.6833634173283218,0.8863703305156274,0.6863703305156273,0.7933533402912352,0.5777791933721538,0.9598113521188055,0.8942563970159046,0.8643873621235264,0.6314009639573218,0.5520406722781309
200,0.883023595643715,0.6898637299750042,0.8464101615137756,0.6464101615137755,0.8660254037844386,0.5201868215660191,0.9479005252217801,0.895517159698346,0.8676337528730008,0.6956493748794502,0.5844578946067797
201,0.9060332286173004,0.6826690315423402,0.7828427124746191,0.582842712474619,0.9238795325112867,0.6079247645517254,0.9456809028979667,0.8803258484104711,0.8660191686582182,0.7328984898516404,0.6596330982452333
202,0.8819117678156855,0.7046683742257063,0.7,0.5,0.9659258262890683,0.5371656212053784,0.9574617501642063,0.8838076893439437,0.83065690307495,0.6357438876634542,0.6082746679287381
203,0.8934819496056144,0.684411415531838,0.6035276180410084,0.4035276180410084,0.9914448613738104,0.5786529731265115,0.946428842944094,0.9092830305577099,0.8305490414394454,0.6083611709174759,0.5719247481757188
204,0.9094451121268984,0.7182102966564637,0.5,0.30000000000000004,1.0,0.662959110495068,0.9516708743379954,0.8881446141294096,0.852724456746293,0.6273311805321229,0.5912076413962284
205,0.9191173952756221,0.697906672503685,0.3964723819589917,0.19647238195899167,0.9914448613738104,0.5286174636660956,0.9580772205599744,0.9107500444872753,0.8616450097754286,0.765028867454246,0.5728641169884398
206,0.9186567743345855,0.6919353729171976,0.3000000000000001,0.10000000000000009,0.9659258262890683,0.5603061390669456,0.9465595501907301,0.8902130748954195,0.8574412413934149,0.7324981009919619,0.5446027509484466
207,0.9069449328041639,0.6832850535139912,0.21715728752538116,0.01715728752538115,0.9238795325112868,0.5654872893392234,0.9523535794072634,0.891208712584181,0.8686137915776605,0.6522215837421844,0.5252590166485666
208,0.9014947891574018,0.7048046869131758,0.1535898384862246,0.046410161513775416,0.8660254037844387,0.6247853232881048,0.9493203435047725,0.9055233697270668,0.8446640547788342,0.7949457438124622,0.665982133980377
209,0.8928980889969957,0.7068428883973829,0.11362966948437264,0.08637033051562737,0.7933533402912352,0.5230740498411947,0.9467770533296154,0.8983698995245449,0.8692362647764178,0.714073018067553,0.6099422599655431
210,0.8974261590831419,0.6939789364445186,0.09999999999999998,0.10000000000000003,0.7071067811865476,0.6313049297945776,0.9448983190748264,0.902581759375399,0.8439491929638361,0.7086268504429272,0.6851440283874364
211,0.8891346980849711,0.6965303619214321,0.11362966948437259,0.08637033051562742,0.6087614290087209,0.5483472557871546,0.9470934619358327,0.8888538601561965,0.8485490639250258,0.7396169460350788,0.6368606992735844
212,0.8935286932650599,0.7107044299766824,0.15358983848622454,0.04641016151377547,0.49999999999999994,0.6671304610198081,0.9595556021807617,0.8918618746773935,0.8431972291680169,0.6585885085422452,0.5877602510875658
213,0.882217470749744,0.6968200272120681,0.21715728752538094,0.017157287525380926,0.3826834323650899,0.6726575146921928,0.959062181028932,0.8934757828904415,0.8519864283788371,0.683246244300061,0.5245910433751392
214,0.90888643825347,0.6857502855479939,0.2999999999999998,0.09999999999999981,0.258819045102521,0.6724115478984241,0.9447771279992506,0.8978605182145953,0.8311917346683437,0.6980619290581024,0.6897115342498322
215,0.8879377475262388,0.6983354533043259,0.39647238195899137,0.19647238195899136,0.130526192220052,0.5827954576265113,0.9584948333963533,0.8943524926792892,0.8518669947568295,0.757306403097742,0.5505224366374487
216,0.8817826472003782,0.7092187530935213,0.5,0.3,0,0.6539661322065355,0.9590201289999032,0.8826562649967234,0.8371288864684565,0.6426594672950815,0.5391943642381887
217,0.8959961940214584,0.7132232484211303,0.6035276180410083,0.4035276180410083,0.13052619222005157,0.5039983683724879,0.9421630047369232,0.914579842297426,0.8425337279367054,0.6370283548869058,0.5355612480512477
218,0.8989937250055251,0.6957814922103109,0.7,0.5,0.25881904510252074,0.6111360191878396,0.9407663621878307,0.9016365817238133,0.8306854879501114,0.7840749348897214,0.6126702268412788
219,0.916959925168985,0.7193479747439814,0.7828427124746191,0.582842712474619,0.3826834323650898,0.5753488738268712,0.9579206503712925,0.8904458301332312,0.849940987611518,0.7135386501350178,0.637338260019273
220,0.913855609232676,0.6881774920723763,0.8464101615137755,0.6464101615137754,0.49999999999999994,0.6631420101160465,0.9431033781651207,0.9191853646109645,0.868618111951532,0.6928572592134022,0.5758005983577302
221,0.8968307786355441,0.6952547169302912,0.8863703305156274,0.6863703305156273,0.6087614290087207,0.6264913068861435,0.9590004565059155,0.9148723090338106,0.8541804860647586,0.7763802090461289,0.646325647630801
222,0.9145926066216952,0.7076919384176037,0.9,0.7,0.7071067811865476,0.5163365583915942,0.9500030544678449,0.8900910450752371,0.8342402085944334,0.7439394076024921,0.6919358928325379
223,0.9143971503016304,0.7193069065366672,0.8863703305156274,0.6863703305156273,0.7933533402912352,0.5681656216613992,0.9500477688727466,0.9101432240149822,0.837197908194504,0.7724046232463581,0.6755031521175037
224,0.8894137581470912,0.7068740968042431,0.8464101615137756,0.6464101615137755,0.8660254037844386,0.6021365780587661,0.9589362155550057,0.9044637624051346,0.8592413138469749,0.6130849157938275,0.6063921033926122
225,0.8835213417827312,0.68429431447175,0.7828427124746191,0.582842712474619,0.9238795325112867,0.5372356387795947,0.9517259506691734,0.9021846309402459,0.869025293389305,0.7965707326464537,0.6540862714057781
226,0.9058637924143957,0.6847723305380575,0.7,0.5,0.9659258262890683,0.6548085805326266,0.9441460074636119,0.8848267841098606,0.8519944700882114,0.7464760833816453,0.6017710134189224
227,0.9007358367996758,0.6814948794620057,0.6035276180410084,0.4035276180410084,0.9914448613738104,0.6430819797732386,0.9496286903833742,0.917719170626535,0.8641726509351375,0.6551906261812616,0.5206127391111153
228,0.8842736440569106,0.7045632791744758,0.5,0.30000000000000004,1.0,0.6063909188290113,0.9411452451285592,0.8856343297386977,0.8395249247028954,0.6295005690165971,0.5441856204378464
229,0.897009669649422,0.7154106695975034,0.3964723819589917,0.19647238195899167,0.9914448613738104,0.6229516450876961,0.9555658114315186,0.8880702294238061,0.853490344239984,0.7066218728349765,0.5684998663373355
230,0.9140390928744309,0.6969556235114451,0.3000000000000001,0.10000000000000009,0.9659258262890683,0.6260659701655077,0.9498792430430769,0.8938124935196154,0.8591238608519646,0.7505719505953407,0.5288341915949801
231,0.8903336678219881,0.6804427304401113,0.21715728752538116,0.01715728752538115,0.9238795325112868,0.504672610565784,0.9475944374409702,0.9173439628612163,0.8456062206023864,0.6558694225832223,0.5764281941514441
232,0.881803208478305,0.7013097558026125,0.1535898384862246,0.046410161513775416,0.8660254037844387,0.5757492178627113,0.9492409530799687,0.8857310197034788,0.8405418378927575,0.6424542009461474,0.6098618091678566
233,0.8949840655720219,0.6818372393863873,0.11362966948437264,0.08637033051562737,0.7933533402912352,0.6164189816259996,0.9504307804404142,0.8996135059475557,0.8678746414523623,0.6250405285898676,0.6948878035639805
234,0.9054475569841648,0.6804961343800588,0.09999999999999998,0.10000000000000003,0.7071067811865476,0.5505097303449538,0.9513443054721704,0.9149443928820945,0.8689186255737419,0.7021250548338216,0.5262768171907803
235,0.8935971403234527,0.7007862783953906,0.11362966948437259,0.08637033051562742,0.6087614290087209,0.6945130180702428,0.9417778759757844,0.912576063362062,0.8570751961747375,0.6050205431113906,0.5157063698789169
236,0.8882940053106388,0.7068404194760542,0.15358983848622454,0.04641016151377547,0.49999999999999994,0.6533613938311182,0.9564973028513478,0.8965085437138993,0.8520595394803984,0.6034480492968117,0.5001554911355902
237,0.8993626788077758,0.7064779899077114,0.21715728752538094,0.017157287525380926,0.3826834323650899,0.5452219591012214,0.9411505583900732,0.8949971608277698,0.831623340297258,0.6085264202942774,0.6785917784210824
238,0.9092098015565879,0.6995186265075245,0.2999999999999998,0.09999999999999981,0.258819045102521,0.6124051982844259,0.9538707760436008,0.9192806100018421,0.830305874225328,0.6700972102191365,0.5527997918044337
239,0.8959928741548577,0.7060527714810586,0.39647238195899137,0.19647238195899136,0.130526192220052,0.689872109697683,0.9424699860520904,0.8836079417913656,0.8380952187216314,0.7516598638322867,0.6113940286151136
240,0.9198515834608195,0.7070217635212918,0.5,0.3,0,0.507092749376522,0.9418889651512313,0.897160870314987,0.8520918946331875,0.6498764273207037,0.6254809959039538
241,0.9079299287122463,0.7101692037662728,0.6035276180410083,0.4035276180410083,0.13052619222005157,0.6428021169509536,0.9596764814781206,0.913687997210311,0.838821817192875,0.7060572205408796,0.5449181723285733
242,0.9129696714117623,0.7041853787402161,0.7,0.5,0.25881904510252074,0.6703922475153357,0.9532461358913112,0.8997812458861951,0.8662296836049096,0.7553457441820004,0.587369495550862
243,0.8899056329902547,0.6839303804033467,0.7828427124746191,0.582842712474619,0.3826834323650898,0.5344591850524365,0.9432089974760014,0.9071354339522503,0.8457957074663764,0.6011610110719743,0.6294542127281999
244,0.9016713931657309,0.6854092807320316,0.8464101615137755,0.6464101615137754,0.49999999999999994,0.5763717926669994,0.9568288742007621,0.8916680071974801,0.8342254124665559,0.6091119562448604,0.6288874104952502
245,0.9019551391606873,0.6880304085856612,0.8863703305156274,0.6863703305156273,0.6087614290087207,0.5001666609194164,0.9569135859589893,0.9198682014371298,0.8458857427121333,0.6426075971904079,0.6935768080363274
246,0.900455258765159,0.713270276097916,0.9,0.7,0.7071067811865476,0.603766046153929,0.946343530699871,0.8914259077085681,0.8315548061960623,0.6098252960399729,0.5429363243941278
247,0.9012060158257861,0.7106836190195052,0.8863703305156274,0.6863703305156273,0.7933533402912352,0.5468215470502652,0.9504718197818877,0.8926007221322695,0.8486627666849783,0.6566518361244599,0.5784812159652478
248,0.9095308258906387,0.68561370296497,0.8464101615137756,0.6464101615137755,0.8660254037844386,0.6588112420988762,0.9491803304759777,0.8906960049919341,0.8685787845391234,0.6928690283399245,0.5985241251730129
249,0.9160569908889109,0.7192787285347989,0.7828427124746191,0.582842712474619,0.9238795325112867,0.5057508969003599,0.9409378197809369,0.9160920655015161,0.8696479061961646,0.68813267430845,0.5232940313039325
250,0.8888254042556575,0.719354617133438,0.7,0.5,0.9659258262890683,0.5764068498267216,0.9482211347131078,0.8818744483882798,0.8636680898469693,0.7229384229877982,0.6310298369778069
251,0.8848528235810958,0.6944571304603867,0.6035276180410084,0.4035276180410084,0.9914448613738104,0.6621031726564589,0.944555047128535,0.9164864457038138,0.8540170724838051,0.6063083497244732,0.5644650125185275
252,0.8908280866444305,0.7108865730734548,0.5,0.30000000000000004,1.0,0.6840628261973296,0.9594682368720442,0.903844108681046,0.8421081529168196,0.7122147944671647,0.6811014541609361
253,0.9135818598916485,0.6927059848563135,0.3964723819589917,0.19647238195899167,0.9914448613738104,0.6471948434405284,0.9532047551671734,0.8829664937170681,0.839696319907705,0.6551153981555713,0.6387818083093529
254,0.8925838029112437,0.681728693384332,0.3000000000000001,0.10000000000000009,0.9659258262890683,0.6521084496427832,0.9581493855767667,0.8878761682779651,0.8652698458195607,0.7734874147764925,0.6776332591368395
255,0.9032008050308874,0.6877790932832137,0.21715728752538116,0.01715728752538115,0.9238795325112868,0.6015925758448769,0.9585174148556111,0.8811265459870351,0.8654240462803006,0.6946311447830255,0.5085794215821039
256,0.9080987660913677,0.7148721175167038,0.1535898384862246,0.046410161513775416,0.8660254037844387,0.673674916050621,0.9533158386401474,0.9074620409273512,0.8570994671968568,0.7337016938009426,0.6227516663535968
257,0.895129757701288,0.7158299602320566,0.11362966948437264,0.08637033051562737,0.7933533402912352,0.5214892665378208,0.9468675255542328,0.8938801328571893,0.8379743884087679,0.689424578026678,0.5281636639403662
258,0.8997714134676319,0.6936327040582658,0.09999999999999998,0.10000000000000003,0.7071067811865476,0.5618858302095431,0.9530655306793739,0.8836239152236292,0.8342433698792409,0.6718672150370228,0.555369800869517
259,0.8907888244728286,0.7199721842445005,0.11362966948437259,0.08637033051562742,0.6087614290087209,0.6748039262628553,0.9414402966665594,0.8803889078827247,0.8649223122930764,0.662015214261168,0.5502395575726815
260,0.9184063957111104,0.7046652437066296,0.15358983848622454,0.04641016151377547,0.49999999999999994,0.6032747878467315,0.9497425394310649,0.8885508080865884,0.8374549459374364,0.604127966426677,0.567965259321212
261,0.9122179359060485,0.7036956479390376,0.21715728752538094,0.017157287525380926,0.3826834323650899,0.5732543512948672,0.9424328137619228,0.9027782859852989,0.8380152125057073,0.6662647980073019,0.5379296437602284
262,0.883716691656266,0.7088322054824204,0.2999999999999998,0.09999999999999981,0.258819045102521,0.6907745802428074,0.9465799232380236,0.9145880362028389,0.8469379520496713,0.6649773609613564,0.5134270068196463
263,0.917617600589212,0.7093631660136349,0.39647238195899137,0.19647238195899136,0.130526192220052,0.6414893497672088,0.9456240973516113,0.8912787732068491,0.834000717748454,0.7403901695761755,0.6991596238966125
264,0.8920248904463798,0.6967828318246192,0.5,0.3,0,0.5975365638365309,0.9589230204315176,0.8893827353284555,0.838372296587473,0.6271177383863994,0.5960568982713674
265,0.919491816912554,0.6935829077435252,0.6035276180410083,0.4035276180410083,0.13052619222005157,0.6732031209238167,0.9488557534994724,0.8819742334948969,0.8318156184670924,0.6953330315603031,0.6938404462195567
266,0.903374956399523,0.7197731287990469,0.7,0.5,0.25881904510252074,0.5527820217130723,0.949433022446362,0.898792881661427,0.8404324127398415,0.7948528065923491,0.5141489124436134
267,0.8827616266135379,0.6965410806585632,0.7828427124746191,0.582842712474619,0.3826834323650898,0.5988198806590869,0.9492808326080263,0.8948183534815102,0.8619311111107537,0.7141322275727291,0.6793142611171543
268,0.9096187646727784,0.6949736640525056,0.8464101615137755,0.6464101615137754,0.49999999999999994,0.516184796190637,0.9579475428969336,0.9151030930824265,0.8318199409916883,0.6008790191574056,0.5893832279022333
269,0.9148178480908143,0.7000594002132063,0.8863703305156274,0.6863703305156273,0.6087614290087207,0.5716643146004836,0.9580841525655327,0.9184597309160802,0.8571558799801973,0.734072192858365,0.5198593429705434
270,0.8818873730523574,0.7129698776337271,0.9,0.7,0.7071067811865476,0.663871067460553,0.950320898212767,0.9048878835321662,0.835803938005368,0.7964782612859276,0.587857989027217
271,0.8857116799026519,0.6812494640895641,0.8863703305156274,0.6863703305156273,0.7933533402912352,0.6571623061368662,0.9408496850565128,0.914832480957953,0.8330318152256018,0.6752420978375303,0.5808291639951697
272,0.915871658518167,0.7146572813478943,0.8464101615137756,0.6464101615137755,0.8660254037844386,0.6485785613731252,0.9463539084686005,0.8968470978676815,0.8339312666409366,0.657649918577874,0.536510795271275
273,0.9002438179185503,0.7034593145786467,0.7828427124746191,0.582842712474619,0.9238795325112867,0.6525844471737269,0.9412427032114085,0.9176502755770872,0.8484379404157647,0.7448078166833386,0.6377711513661247
274,0.8917670192778231,0.7179985544524006,0.7,0.5,0.9659258262890683,0.6391109001107032,0.9559670462334546,0.894398183026433,0.8563708033371209,0.644874105043057,0.6132380234719226
275,0.917072377033682,0.687403133597296,0.6035276180410084,0.4035276180410084,0.9914448613738104,0.6196296768125007,0.9514411038643775,0.9198231567494574,0.8554698666446617,0.6816094365524822,0.5021688632010253
276,0.8982545370570664,0.6999003817550157,0.5,0.30000000000000004,1.0,0.6872232606826356,0.949460966755732,0.9145618346077937,0.8407566976901782,0.7864058275623818,0.5440228156194866
277,0.9017710617670804,0.6891379560401688,0.3964723819589917,0.19647238195899167,0.9914448613738104,0.6313392307733955,0.9496804771746896,0.9022641585947692,0.8360423725121804,0.7740748973902292,0.6907911757045564
278,0.894405319226084,0.692739030467962,0.3000000000000001,0.10000000000000009,0.9659258262890683,0.6289907017399292,0.9534384685589118,0.8800550336988375,0.8601535598285162,0.7546974745202596,0.6227912758030621
279,0.9179698225150958,0.7183108147422744,0.21715728752538116,0.01715728752538115,0.9238795325112868,0.6025831511673462,0.9515838015160716,0.8845248529565172,0.8493409272728716,0.7575032727440378,0.5912600473797681
280,0.8960044642520947,0.6995928945622241,0.1535898384862246,0.046410161513775416,0.8660254037844387,0.5524227924785988,0.94481976707523,0.9133246344976662,0.8448982892835863,0.649771052939844,0.5434908601756049
281,0.919270152632367,0.7021804872234798,0.11362966948437264,0.08637033051562737,0.7933533402912352,0.6687777726302743,0.9588978701280357,0.8990607338410366,0.8524336078240476,0.663141359162646,0.5785180582852394
282,0.8970931741691673,0.6888136896453122,0.09999999999999998,0.10000000000000003,0.7071067811865476,0.5544675356753972,0.9584904498191011,0.8932884285700697,0.8354629343789037,0.7822042072821164,0.5363378008659686
283,0.9015148507625331,0.6814206945032311,0.11362966948437259,0.08637033051562742,0.6087614290087209,0.5010521631250727,0.9548113116842635,0.9044371186487232,0.8640989211415163,0.6771139757042896,0.6939572516228704
284,0.9194667556990975,0.7171458669904839,0.15358983848622454,0.04641016151377547,0.49999999999999994,0.6688183985928781,0.9519963314845665,0.9130449055156703,0.8329090097998626,0.623235150497751,0.6561792500668497
285,0.889579292936164,0.7188414054243238,0.21715728752538094,0.017157287525380926,0.3826834323650899,0.6932812413937909,0.9444764546098796,0.9186129259064294,0.8492244059808054,0.6442727202439862,0.5624897498315381
286,0.9116699642626929,0.690559014056017,0.2999999999999998,0.09999999999999981,0.258819045102521,0.5680085494835477,0.9406595417810035,0.9068862603510703,0.8399475228466563,0.7547542624483929,0.5677604987764717
287,0.8827810202320516,0.6895046252226811,0.39647238195899137,0.19647238195899136,0.130526192220052,0.5370366555558417,0.9404362293753878,0.9145895388326488,0.8422512710021786,0.7241517838282229,0.6494581871209205
288,0.8963368432585191,0.6955415332719188,0.5,0.3,0,0.6962119975862469,0.9563655506153174,0.8994836205190831,0.839140122884741,0.6019151229248159,0.5109463990917751
289,0.8988918041893239,0.7199540474915501,0.6035276180410083,0.4035276180410083,0.13052619222005157,0.5066707625521484,0.9525542661853064,0.8842541140994142,0.8437281176803344,0.7184403724962171,0.5219385981898648
290,0.9078764177700515,0.7090285744297404,0.7,0.5,0.25881904510252074,0.5047192463137581,0.9473731226050432,0.8968150693261693,0.8635240184310532,0.7617965916942233,0.5149942218002361
291,0.907598374076018,0.6992985651395963,0.7828427124746191,0.582842712474619,0.3826834323650898,0.5466528459057813,0.9472254584750716,0.9091325775023374,0.8324683679601812,0.7301967111068854,0.5006997808470494
292,0.8827358697733019,0.7110721390032517,0.8464101615137755,0.6464101615137754,0.49999999999999994,0.5462433832016158,0.9478230326714925,0.8856994513601827,0.8301341791831224,0.6768702563363099,0.6250116295097147
293,0.9037532742579606,0.7126448040201341,0.8863703305156274,0.6863703305156273,0.6087614290087207,0.6902042654348952,0.9553309711490988,0.894814654865706,0.8395212934162938,0.7504028393175429,0.6213628319505727
294,0.9183967243538618,0.6800676628332609,0.9,0.7,0.7071067811865476,0.5536298993798023,0.9574919241501116,0.9194432230369954,0.8444860307941675,0.6760304429659861,0.5568359076226511
295,0.897454027794457,0.7181865679080018,0.8863703305156274,0.6863703305156273,0.7933533402912352,0.6226694687995147,0.953183657746457,0.8836130035519408,0.866749564934592,0.7624031180100496,0.571784870700836
296,0.8918100624220547,0.6952466736656813,0.8464101615137756,0.6464101615137755,0.8660254037844386,0.5446753701245434,0.9567634599157908,0.88401523686031,0.8513821033864346,0.7258781450399345,0.6740698311895624
297,0.9150630371147898,0.6921002379785339,0.7828427124746191,0.582842712474619,0.9238795325112867,0.5976297495328935,0.9512177115511764,0.9110505617973909,0.85185570181494,0.798219966935036,0.6545222299994053
298,0.8888957157011096,0.681550264030336,0.7,0.5,0.9659258262890683,0.5618848678565742,0.9461453870776371,0.8935796738759522,0.8484729634821895,0.6436490781883333,0.6701306768904453
299,0.9069184491825878,0.7171282429834211,0.6035276180410084,0.4035276180410084,0.9914448613738104,0.6533646286662079,0.9593571724333194,0.903195781849612,0.8519930959261254,0.7286722407371425,0.5876875691396145
300,0.9181224886815936,0.6952894415720559,0.5,0.30000000000000004,1.0,0.6610472315314477,0.9540141065070143,0.9080662236703422,0.8339180740953809,0.6392916672395109,0.5825205962057396
301,0.8935344849338219,0.7185468016035395,0.3964723819589917,0.19647238195899167,0.9914448613738104,0.607151152422291,0.9402535538059923,0.8944939070019219,0.8659493334841656,0.6014306528807302,0.6996234530609575
302,0.8937217548244537,0.7045784105905897,0.3000000000000001,0.10000000000000009,0.9659258262890683,0.5738671348292029,0.9478159403741894,0.9150045565325723,0.8663210106112109,0.7005631396406977,0.6773415412496427
303,0.8862205559642445,0.6918866296990633,0.21715728752538116,0.01715728752538115,0.9238795325112868,0.5041608747287579,0.959765218084214,0.8837166662707598,0.8543768821623918,0.7486112311518538,0.6121807712459844
304,0.8894848989879139,0.7014759528776504,0.1535898384862246,0.046410161513775416,0.8660254037844387,0.6633507686538449,0.9514588736914333,0.8886935952958362,0.8654252490800017,0.7124191211577732,0.6897928394958691
305,0.8830736629639998,0.6816146581063872,0.11362966948437264,0.08637033051562737,0.7933533402912352,0.514481532176285,0.9432621800212442,0.9155868905039966,0.8511930722001573,0.7939381269064767,0.5112916103469087
306,0.9196065202131983,0.6808128824102696,0.09999999999999998,0.10000000000000003,0.7071067811865476,0.5741791678277529,0.9582543435709671,0.9119093639532905,0.8584834847357583,0.7656552762844359,0.5196610395645874
307,0.905135017124331,0.6843847711145423,0.11362966948437259,0.08637033051562742,0.6087614290087209,0.509445951456639,0.9561443479669924,0.9148302352839464,0.8613159045714147,0.6684119480186667,0.5643514890532542
308,0.9079076639762721,0.7156955156451864,0.15358983848622454,0.04641016151377547,0.49999999999999994,0.6988161500499988,0.9538601615098546,0.903983027709957,0.8609330887424429,0.6632685574014076,0.5584146777367941
309,0.8852788683093497,0.7171048069955827,0.21715728752538094,0.017157287525380926,0.3826834323650899,0.6924147893287362,0.95853845287771,0.903155198729741,0.8500217540856034,0.798634559013433,0.5064276318833718
310,0.8832488239471429,0.6978772000853115,0.2999999999999998,0.09999999999999981,0.258819045102521,0.6332211419635849,0.9437158347831511,0.908476914074019,0.8644162899449749,0.6739428264496665,0.6601640432771008
311,0.881163557725458,0.7030915516610208,0.39647238195899137,0.19647238195899136,0.130526192220052,0.6105158303419336,0.9441561068315111,0.8903943335291314,0.845062913122566,0.7300584821059497,0.6444444131593364
312,0.8879806544466512,0.6913904755239992,0.5,0.3,0,0.5238731070502453,0.9451324560735461,0.916497156284495,0.8510187920520649,0.6288498612243414,0.6421111362676156
313,0.8835955624894457,0.6974710975929269,0.6035276180410083,0.4035276180410083,0.13052619222005157,0.699166497028024,0.9555670699898287,0.9116438598318269,0.8394620917857278,0.7965083122526672,0.5632671072636887
314,0.8938269116614168,0.6951591439067233,0.7,0.5,0.25881904510252074,0.5620770564651051,0.9418392585367845,0.9137320204567173,0.868513517836749,0.616002388167927,0.5197953026136
315,0.8808037418372973,0.7143350570280749,0.7828427124746191,0.582842712474619,0.3826834323650898,0.6977287271954815,0.9552223787972561,0.8892863403280921,0.8412457956294044,0.6001983680332009,0.6927436926862733
316,0.909041884633884,0.6980797638281342,0.8464101615137755,0.6464101615137754,0.49999999999999994,0.6030610042208924,0.9430898181518114,0.9014881537947711,0.86745568086112,0.6315153966264208,0.524697960713689
317,0.9155386633879848,0.6855342940711474,0.8863703305156274,0.6863703305156273,0.6087614290087207,0.5037112371112,0.9527309072917298,0.900825846406074,0.8624165447304106,0.6632381390662466,0.536849771103075
318,0.896488053218412,0.7113530121600461,0.9,0.7,0.7071067811865476,0.5136634575392325,0.9517099248845565,0.9093931355226839,0.8355405116849317,0.7590041687063396,0.6078899677171422
319,0.9036234643802298,0.6819373439366638,0.8863703305156274,0.6863703305156273,0.7933533402912352,0.6887883598156458,0.9487196831135591,0.9009782411677268,0.8485024256861475,0.7593442496832691,0.5680617763870236
320,0.9082212143594948,0.7041984113762225,0.8464101615137756,0.6464101615137755,0.8660254037844386,0.6295424340764683,0.9500568858514304,0.9137982743114865,0.8519264398289271,0.7810597704287422,0.6203745367255543
321,0.8886653898530422,0.7015988089427556,0.7828427124746191,0.582842712474619,0.9238795325112867,0.5770684505900247,0.9499050697578253,0.906008685861434,0.8402135436459065,0.7808958160301772,0.580475803433365
322,0.918181336967728,0.6932904095774253,0.7,0.5,0.9659258262890683,0.5391597590015093,0.9539388078606869,0.9001043944222833,0.8697223245117119,0.6353000412904648,0.6413090180109744
323,0.9088823065856262,0.6880427137922552,0.6035276180410084,0.4035276180410084,0.9914448613738104,0.5297201913381673,0.9571279520325268,0.9108311759936245,0.8478887438246758,0.7157178800520758,0.5456032853595527
324,0.8907917515509103,0.7072663950380792,0.5,0.30000000000000004,1.0,0.5842578982601776,0.9485466686408203,0.9017207387363285,0.8589585238435196,0.6000711551774423,0.6053266169530206
325,0.9125323708644633,0.7022299984414394,0.3964723819589917,0.19647238195899167,0.9914448613738104,0.6378892725134322,0.9552497204021231,0.8929161169322503,0.8441559995115661,0.6956989383984987,0.6903111366163851
326,0.8982786768581996,0.6977126408227371,0.3000000000000001,0.10000000000000009,0.9659258262890683,0.6712900744734613,0.9463103675573253,0.9121368820080408,0.8404104302757074,0.7012052139970691,0.5499727140055368
327,0.9044479985247398,0.6892767071617005,0.21715728752538116,0.01715728752538115,0.9238795325112868,0.5524773662249703,0.9470297032196678,0.9116981428029698,0.8391924018274602,0.7804514747421758,0.6080371810476008
328,0.8997138235280693,0.6970985189357258,0.1535898384862246,0.046410161513775416,0.8660254037844387,0.5137474074127854,0.9577334066766189,0.8940311044780319,0.8411367193055344,0.7515521324052766,0.6565747475957235
329,0.912456069540523,0.7023512492172074,0.11362966948437264,0.08637033051562737,0.7933533402912352,0.566282817783135,0.9589043932271228,0.8828225045017009,0.8325770875798597,0.7112442505220044,0.5968934398427802
330,0.9086788904485353,0.683966760166895,0.09999999999999998,0.10000000000000003,0.7071067811865476,0.567092563244488,0.9436264264077824,0.8878497829764239,0.832288668044973,0.7717959672194157,0.5384638930229565
331,0.9091716852486674,0.6843645925176997,0.11362966948437259,0.08637033051562742,0.6087614290087209,0.5976371451547491,0.9562561184139812,0.9198616490531765,0.8356106878774806,0.6052823651295882,0.6552771283993988
332,0.8810554549991279,0.7175590565269736,0.15358983848622454,0.04641016151377547,0.49999999999999994,0.5626167385885047,0.9506275889058465,0.8905006881684633,0.8445432266981712,0.6389791144958035,0.574413587610071
333,0.9159036198047653,0.6860933896429355,0.21715728752538094,0.017157287525380926,0.3826834323650899,0.6093007168385003,0.9455946976524587,0.9159958828366394,0.8453831072846467,0.6601274048827795,0.5968998216590392
334,0.89827714134859,0.7060503419286497,0.2999999999999998,0.09999999999999981,0.258819045102521,0.6944666021817272,0.951145432153386,0.9028264515290934,0.8313259509637481,0.7951158619516734,0.5641929354304933
335,0.8946651815987888,0.6859347969798638,0.39647238195899137,0.19647238195899136,0.130526192220052,0.5292977339798312,0.9599771863588832,0.8981663984781014,0.8444506414690632,0.787362952434811,0.6076245592007993
336,0.888777102806993,0.7025655182427404,0.5,0.3,0,0.6170228142580095,0.9543430508194888,0.8994572010357706,0.8392228252221666,0.6512597427587825,0.6434275595110214
