hour,biomasse,wasserkraft,wind_offshore,wind_onshore,photovoltaik,sonstige_erneuerbare,braunkohle,steinkohle,erdgas,pumpspeicher,sonstige_konventionelle,EV_charge,EV_discharge,EV_storage,DSM_up,DSM_down
1,0.0,0.0,0.0,0.0,35894.70286051418,0.0,0.0,0.0,0.0,0.0,0.0,0.0,1000.0,5000.0,0.0,6816.7069588748345
2,0.0,0.0,0.0,0.0,34746.274581825775,0.0,0.0,0.0,0.0,0.0,0.0,0.0,0.0,3888.8888888888887,0.0,6816.706958874951
3,0.0,0.0,0.0,0.0,25539.217213114753,0.0,0.0,0.0,0.0,0.0,0.0,0.0,0.0,3888.8888888888887,241.92213114754122,0.0
4,0.0,0.0,0.0,0.0,25310.150606415817,0.0,0.0,0.0,0.0,0.0,0.0,0.0,0.0,3888.8888888888887,470.9887378464773,0.0
5,0.0,0.0,0.0,0.0,24810.150606415933,0.0,0.0,0.0,0.0,0.0,0.0,0.0,0.0,3888.8888888888887,970.9887378463609,0.0
6,0.0,0.0,0.0,0.0,8051.0215163934445,0.0,0.0,0.0,0.0,0.0,0.0,0.0,0.0,3888.8888888888887,15581.689549180333,0.0
7,0.0,0.0,0.0,0.0,18768.549171989594,0.0,0.0,0.0,0.0,0.0,0.0,0.0,0.0,3888.8888888888887,2715.733614895653,0.0
8,0.0,0.0,0.0,0.0,16620.120893301188,0.0,0.0,0.0,0.0,0.0,0.0,0.0,0.0,3888.8888888888887,2715.7336148955364,0.0
9,0.0,0.0,0.0,0.0,3774.164959016405,0.0,0.0,0.0,0.0,0.0,0.0,0.0,0.0,3888.8888888888887,13413.261270491796,0.0
10,0.0,0.0,0.0,0.0,32923.346311475405,0.0,0.0,0.0,0.0,0.0,0.0,0.0,0.0,3888.8888888888887,0.0,17884.34836065573
11,0.0,0.0,0.0,0.0,11944.818639202811,0.0,0.0,0.0,0.0,0.0,0.0,0.0,0.0,3888.8888888888887,2019.9651722726012,0.0
12,0.0,0.0,0.0,0.0,0.0,0.0,0.0,0.0,0.0,0.0,0.0,0.0,0.0,3888.8888888888887,12890.569672131147,0.0
13,0.0,0.0,0.0,0.0,30077.995901639344,0.0,0.0,0.0,0.0,0.0,0.0,0.0,0.0,3888.8888888888887,0.0,17187.426229508197
14,0.0,0.0,0.0,0.0,32584.495560109295,0.0,0.0,0.0,0.0,0.0,0.0,0.0,0.0,3888.8888888888887,0.0,18619.711748633883
15,0.0,0.0,0.0,0.0,0.0,0.0,0.0,0.0,0.0,0.0,0.0,0.0,0.0,3888.8888888888887,15038.997950819674,0.0
16,0.0,0.0,0.0,0.0,16724.853475268268,0.0,0.0,0.0,0.0,0.0,0.0,0.0,0.0,3888.8888888888887,462.5727542399327,0.0
17,0.0,0.0,0.0,0.0,18873.281753956915,0.0,0.0,0.0,0.0,0.0,0.0,0.0,0.0,3888.8888888888887,462.572754239809,0.0
18,0.0,0.0,0.0,0.0,4936.952868852455,0.0,0.0,0.0,0.0,0.0,0.0,0.0,0.0,3888.8888888888887,16547.329918032792,0.0
19,0.0,0.0,0.0,0.0,32618.29515701119,0.0,0.0,0.0,0.0,0.0,0.0,0.0,0.0,3888.8888888888887,0.0,8985.584091437413
20,0.0,0.0,0.0,0.0,49252.124316939895,0.0,0.0,0.0,0.0,0.0,0.0,0.0,0.0,3888.8888888888887,0.0,23470.984972677605
21,0.0,0.0,0.0,0.0,11680.424180327864,0.0,0.0,0.0,0.0,0.0,0.0,0.0,0.0,3888.8888888888887,16249.14344262296,0.0
22,0.0,0.0,0.0,0.0,34746.27458182566,0.0,0.0,0.0,0.0,0.0,0.0,0.0,0.0,3888.8888888888887,0.0,6816.7069588748345
23,0.0,0.0,0.0,0.0,35894.7028605143,0.0,0.0,0.0,0.0,0.0,0.0,0.0,1000.0,3888.8888888888887,0.0,6816.706958874951
24,0.0,0.0,28836.073770491806,0.0,-0.0,0.0,0.0,0.0,0.0,0.0,0.0,0.0,1000.0,2777.7777777777774,241.92213114754122,0.0
25,0.0,0.0,0.0,0.0,35894.70286051418,0.0,0.0,0.0,0.0,0.0,0.0,0.0,1000.0,1666.6666666666663,470.9887378464773,0.0
26,0.0,0.0,0.0,0.0,33725.72488920283,0.0,0.0,0.0,0.0,0.0,0.0,0.0,0.0,555.5555555555552,970.9887378463609,0.0
27,0.0,0.0,0.0,0.0,16446.046106557373,0.0,0.0,0.0,0.0,0.0,0.0,0.0,0.0,555.5555555555552,15581.689549180333,0.0
28,0.0,0.0,0.0,0.0,29312.002040842053,0.0,0.0,0.0,0.0,0.0,0.0,0.0,0.0,555.5555555555552,2715.733614895653,0.0
29,0.0,0.0,0.0,0.0,29312.00204084217,0.0,0.0,0.0,0.0,0.0,0.0,0.0,0.0,555.5555555555552,2715.7336148955364,0.0
30,0.0,0.0,0.0,0.0,15945.496413934445,0.0,0.0,0.0,0.0,0.0,0.0,0.0,0.0,555.5555555555552,13413.261270491796,0.0
31,0.0,0.0,0.0,0.0,44574.12807377049,0.0,0.0,0.0,0.0,0.0,0.0,0.0,0.0,555.5555555555552,0.0,17884.34836065573
32,0.0,0.0,0.0,0.0,22000.836569530686,0.0,0.0,0.0,0.0,0.0,0.0,0.0,0.0,555.5555555555552,2019.9651722725976,0.0
33,0.0,0.0,0.0,0.0,8461.254098360656,0.0,0.0,0.0,0.0,0.0,0.0,0.0,0.0,555.5555555555552,12890.56967213115,0.0
34,0.0,0.0,0.0,0.0,35870.27202868853,0.0,0.0,0.0,0.0,0.0,0.0,0.0,0.0,555.5555555555552,0.0,17187.426229508197
35,0.0,0.0,0.0,0.0,35968.068562158485,0.0,0.0,0.0,0.0,0.0,0.0,0.0,0.0,555.5555555555552,0.0,18619.711748633887
36,0.0,0.0,0.0,0.0,974.8698770491756,0.0,0.0,0.0,0.0,0.0,0.0,0.0,0.0,555.5555555555552,15038.997950819677,0.0
37,0.0,0.0,0.0,0.0,15551.29507362892,0.0,0.0,0.0,0.0,0.0,0.0,0.0,0.0,555.5555555555552,462.5727542399327,0.0
38,0.0,0.0,0.0,0.0,16885.784059284786,0.0,0.0,0.0,0.0,0.0,0.0,0.0,0.0,555.5555555555552,462.572754239809,0.0
39,0.0,0.0,0.0,0.0,2135.515881147541,0.0,0.0,0.0,0.0,0.0,0.0,0.0,0.0,555.5555555555552,16547.32991803279,0.0
40,0.0,0.0,0.0,0.0,30337.407861929216,0.0,0.0,0.0,0.0,0.0,0.0,0.0,0.0,555.5555555555552,0.0,8985.58409143741
41,0.0,0.0,0.0,0.0,47491.786714480884,0.0,0.0,0.0,0.0,0.0,0.0,0.0,0.0,555.5555555555552,0.0,23470.984972677597
42,0.0,0.0,0.0,0.0,10440.636270491803,0.0,0.0,0.0,0.0,0.0,0.0,0.0,0.0,555.5555555555552,16249.143442622953,0.0
43,0.0,0.0,0.0,0.0,36175.46464330108,0.0,0.0,0.0,0.0,0.0,0.0,0.0,0.0,555.5555555555552,0.0,6816.706958874838
44,0.0,0.0,0.0,0.0,38844.44261461265,0.0,0.0,0.0,0.0,0.0,0.0,0.0,0.0,555.5555555555552,0.0,6816.706958874944
45,0.0,0.0,0.0,0.0,34454.79149590165,0.0,0.0,0.0,0.0,0.0,0.0,0.0,0.0,555.5555555555552,241.92213114754122,0.0
46,0.0,0.0,0.0,0.0,34225.72488920271,0.0,0.0,0.0,0.0,0.0,0.0,0.0,0.0,555.5555555555552,470.9887378464773,0.0
47,0.0,0.0,0.0,0.0,35894.7028605143,0.0,0.0,0.0,0.0,0.0,0.0,0.0,499.99999999999966,555.5555555555552,970.9887378463612,0.0
48,0.0,0.0,21784.00204918033,0.0,-0.0,0.0,0.0,0.0,0.0,0.0,0.0,0.0,0.0,-0.0,15581.68954918033,0.0
49,0.0,0.0,0.0,0.0,35894.70286051418,0.0,0.0,0.0,0.0,0.0,0.0,0.0,0.0,-0.0,2715.733614895653,0.0
50,0.0,0.0,0.0,0.0,33136.81454084217,0.0,0.0,0.0,0.0,0.0,0.0,0.0,0.0,-0.0,2715.7336148955364,0.0
51,0.0,0.0,0.0,0.0,19681.39856557378,0.0,0.0,0.0,0.0,0.0,0.0,0.0,0.0,-0.0,13413.261270491796,0.0
52,0.0,0.0,0.0,0.0,50979.008196721305,0.0,0.0,0.0,0.0,0.0,0.0,0.0,0.0,-0.0,0.0,17884.34836065573
53,0.0,0.0,0.0,0.0,31074.69466379298,0.0,0.0,0.0,0.0,0.0,0.0,0.0,0.0,-0.0,2019.9651722725976,0.0
54,0.0,0.0,0.0,0.0,17446.201844262298,0.0,0.0,0.0,0.0,0.0,0.0,0.0,0.0,-0.0,12890.56967213115,0.0
55,0.0,0.0,0.0,0.0,44766.30942622951,0.0,0.0,0.0,0.0,0.0,0.0,0.0,0.0,-0.0,0.0,17187.426229508197
56,0.0,0.0,0.0,0.0,43440.70662568307,0.0,0.0,0.0,0.0,0.0,0.0,0.0,0.0,-0.0,0.0,18619.711748633887
57,0.0,0.0,0.0,0.0,7024.108606557376,0.0,0.0,0.0,0.0,0.0,0.0,0.0,0.0,-0.0,15038.997950819677,0.0
58,0.0,0.0,0.0,0.0,18842.645483464985,0.0,0.0,0.0,0.0,0.0,0.0,0.0,0.0,-0.0,462.5727542399327,0.0
59,0.0,0.0,0.0,0.0,17463.701323629044,0.0,0.0,0.0,0.0,0.0,0.0,0.0,0.0,-0.0,462.572754239809,0.0
60,0.0,0.0,0.0,0.0,0.0,0.0,0.0,0.0,0.0,0.0,0.0,0.0,0.0,-0.0,16547.32991803279,0.0
61,0.0,0.0,0.0,0.0,25532.914009470198,0.0,0.0,0.0,0.0,0.0,0.0,0.0,0.0,-0.0,0.0,8985.58409143741
62,0.0,0.0,0.0,0.0,41397.25905054645,0.0,0.0,0.0,0.0,0.0,0.0,0.0,0.0,-0.0,0.0,23470.984972677597
63,0.0,0.0,0.0,0.0,3056.0747950819677,0.0,0.0,0.0,0.0,0.0,0.0,0.0,0.0,-0.0,16249.14344262295,0.0
64,0.0,0.0,0.0,0.0,28879.813516251892,0.0,0.0,0.0,0.0,0.0,0.0,0.0,0.0,-0.0,0.0,6816.706958874838
65,0.0,0.0,0.0,0.0,31637.70183592413,0.0,0.0,0.0,0.0,0.0,0.0,0.0,0.0,-0.0,0.0,6816.706958874944
66,0.0,0.0,0.0,0.0,27336.961065573774,0.0,0.0,0.0,0.0,0.0,0.0,0.0,0.0,-0.0,241.92213114754122,0.0
67,0.0,0.0,0.0,0.0,29865.78277854697,0.0,0.0,0.0,0.0,0.0,0.0,0.0,0.0,-0.0,470.9887378464773,0.0
68,0.0,0.0,0.0,0.0,32123.671098219216,0.0,0.0,0.0,0.0,0.0,0.0,0.0,0.0,-0.0,970.9887378463609,0.0
69,0.0,0.0,0.0,0.0,20270.858606557373,0.0,0.0,0.0,0.0,0.0,0.0,0.0,0.0,-0.0,15581.689549180333,0.0
70,0.0,0.0,0.0,0.0,33136.81454084205,0.0,0.0,0.0,0.0,0.0,0.0,0.0,0.0,-0.0,2715.733614895653,0.0
71,0.0,0.0,0.0,0.0,35894.7028605143,0.0,0.0,0.0,0.0,0.0,0.0,0.0,0.0,-0.0,2715.7336148955364,0.0
72,0.0,0.0,25197.175204918032,0.0,-0.0,0.0,0.0,0.0,0.0,0.0,0.0,0.0,0.0,-0.0,13413.261270491803,0.0
73,0.0,0.0,21351.19775423991,0.0,35894.70286051418,0.0,0.0,0.0,0.0,0.0,0.0,0.0,0.0,-0.0,0.0,17884.34836065574
74,0.0,0.0,0.0,0.0,34530.04763510446,0.0,0.0,0.0,0.0,0.0,0.0,0.0,0.0,-0.0,2019.9651722725976,0.0
75,0.0,0.0,0.0,0.0,20847.903688524584,0.0,0.0,0.0,0.0,0.0,0.0,0.0,0.0,-0.0,12890.56967213115,0.0
76,0.0,0.0,0.0,0.0,50925.89959016393,0.0,0.0,0.0,0.0,0.0,0.0,0.0,0.0,-0.0,0.0,17187.426229508197
77,0.0,0.0,0.0,0.0,52358.185109289625,0.0,0.0,0.0,0.0,0.0,0.0,0.0,0.0,-0.0,0.0,18619.711748633887
78,0.0,0.0,0.0,0.0,15887.935963114756,0.0,0.0,0.0,0.0,0.0,0.0,0.0,0.0,-0.0,15038.997950819677,0.0
79,0.0,0.0,0.0,0.0,27652.821712973197,0.0,0.0,0.0,0.0,0.0,0.0,0.0,0.0,-0.0,462.5727542399254,0.0
80,0.0,0.0,0.0,0.0,24841.282266252,0.0,0.0,0.0,0.0,0.0,0.0,0.0,0.0,-0.0,462.572754239809,0.0
81,0.0,0.0,0.0,0.0,5944.9856557377025,0.0,0.0,0.0,0.0,0.0,0.0,0.0,0.0,-0.0,16547.329918032792,0.0
82,0.0,0.0,0.0,0.0,28666.360218486585,0.0,0.0,0.0,0.0,0.0,0.0,0.0,0.0,-0.0,0.0,8985.584091437406
83,0.0,0.0,0.0,0.0,41745.99137636613,0.0,0.0,0.0,0.0,0.0,0.0,0.0,0.0,-0.0,0.0,23470.984972677597
84,0.0,0.0,0.0,0.0,620.0932377049176,0.0,0.0,0.0,0.0,0.0,0.0,0.0,0.0,-0.0,16249.14344262295,0.0
85,0.0,0.0,0.0,0.0,23685.943639202706,0.0,0.0,0.0,0.0,0.0,0.0,0.0,0.0,-0.0,0.0,6816.706958874838
86,0.0,0.0,0.0,0.0,25091.713362563474,0.0,0.0,0.0,0.0,0.0,0.0,0.0,0.0,-0.0,0.0,6816.706958874944
87,0.0,0.0,0.0,0.0,19438.853995901638,0.0,0.0,0.0,0.0,0.0,0.0,0.0,0.0,-0.0,241.92213114754122,0.0
88,0.0,0.0,0.0,0.0,22021.326835924017,0.0,0.0,0.0,0.0,0.0,0.0,0.0,0.0,-0.0,470.9887378464773,0.0
89,0.0,0.0,0.0,0.0,24332.86628264545,0.0,0.0,0.0,0.0,0.0,0.0,0.0,0.0,-0.0,970.9887378463609,0.0
90,0.0,0.0,0.0,0.0,12533.704918032792,0.0,0.0,0.0,0.0,0.0,0.0,0.0,0.0,-0.0,15581.68954918033,0.0
91,0.0,0.0,0.0,0.0,28211.20029903878,0.0,0.0,0.0,0.0,0.0,0.0,0.0,0.0,-0.0,2715.733614895653,0.0
92,0.0,0.0,0.0,0.0,31022.739745760195,0.0,0.0,0.0,0.0,0.0,0.0,0.0,0.0,-0.0,2715.73361489554,0.0
93,0.0,0.0,0.0,0.0,23136.75153688526,0.0,0.0,0.0,0.0,0.0,0.0,0.0,0.0,-0.0,13413.261270491803,0.0
94,0.0,0.0,0.0,0.0,54434.3611680328,0.0,0.0,0.0,0.0,0.0,0.0,0.0,0.0,-0.0,0.0,17884.34836065574
95,0.0,0.0,1446.8842213114622,0.0,35894.7028605143,0.0,0.0,0.0,0.0,0.0,0.0,0.0,0.0,-0.0,2019.9651722725976,0.0
96,0.0,0.0,26470.982581967208,0.0,-0.0,0.0,0.0,0.0,0.0,0.0,0.0,0.0,0.0,-0.0,12890.56967213115,0.0
97,0.0,0.0,20755.07275423991,0.0,35894.70286051418,0.0,0.0,0.0,0.0,0.0,0.0,0.0,0.0,-0.0,0.0,17187.426229508197
98,0.0,0.0,0.0,0.0,55263.32189207651,0.0,0.0,0.0,0.0,0.0,0.0,0.0,0.0,-0.0,0.0,18619.711748633887
99,0.0,0.0,0.0,0.0,18785.872950819663,0.0,0.0,0.0,0.0,0.0,0.0,0.0,0.0,-0.0,15038.997950819677,0.0
100,0.0,0.0,0.0,0.0,33362.298147399415,0.0,0.0,0.0,0.0,0.0,0.0,0.0,0.0,-0.0,462.5727542399254,0.0
101,0.0,0.0,0.0,0.0,33362.29814739953,0.0,0.0,0.0,0.0,0.0,0.0,0.0,0.0,-0.0,462.572754239809,0.0
102,0.0,0.0,0.0,0.0,14458.80174180328,0.0,0.0,0.0,0.0,0.0,0.0,0.0,0.0,-0.0,16547.329918032792,0.0
103,0.0,0.0,0.0,0.0,37172.976509470194,0.0,0.0,0.0,0.0,0.0,0.0,0.0,0.0,-0.0,0.0,8985.584091437406
104,0.0,0.0,0.0,0.0,48839.63814890711,0.0,0.0,0.0,0.0,0.0,0.0,0.0,0.0,-0.0,0.0,23470.984972677597
105,0.0,0.0,0.0,0.0,6300.77049180328,0.0,0.0,0.0,0.0,0.0,0.0,0.0,0.0,-0.0,16249.14344262295,0.0
106,0.0,0.0,0.0,0.0,26547.881651497788,0.0,0.0,0.0,0.0,0.0,0.0,0.0,0.0,-0.0,0.0,6816.706958874838
107,0.0,0.0,0.0,0.0,25138.512030596255,0.0,0.0,0.0,0.0,0.0,0.0,0.0,0.0,-0.0,0.0,6816.706958874944
108,0.0,0.0,0.0,0.0,16670.51331967213,0.0,0.0,0.0,0.0,0.0,0.0,0.0,0.0,-0.0,241.92213114754122,0.0
109,0.0,0.0,0.0,0.0,16441.446712973193,0.0,0.0,0.0,0.0,0.0,0.0,0.0,0.0,0.0,470.9887378464773,0.0
110,0.0,0.0,0.0,0.0,17350.81633387495,0.0,0.0,0.0,0.0,0.0,0.0,0.0,0.0,-0.0,970.9887378463609,0.0
111,0.0,0.0,0.0,0.0,4149.48514344262,0.0,0.0,0.0,0.0,0.0,0.0,0.0,0.0,-0.0,15581.68954918033,0.0
112,0.0,0.0,0.0,0.0,19834.180319530577,0.0,0.0,0.0,0.0,0.0,0.0,0.0,0.0,-0.0,2715.733614895653,0.0
113,0.0,0.0,0.0,0.0,22652.919561333973,0.0,0.0,0.0,0.0,0.0,0.0,0.0,0.0,-0.0,2715.73361489554,0.0
114,0.0,0.0,0.0,0.0,14774.131147540986,0.0,0.0,0.0,0.0,0.0,0.0,0.0,0.0,-0.0,13413.261270491803,0.0
115,0.0,0.0,0.0,0.0,48890.480020491814,0.0,0.0,0.0,0.0,0.0,0.0,0.0,0.0,-0.0,0.0,17884.34836065574
116,0.0,0.0,0.0,0.0,31804.905729366743,0.0,0.0,0.0,0.0,0.0,0.0,0.0,0.0,-0.0,2019.9651722725976,0.0
117,0.0,0.0,0.0,0.0,23753.040471311473,0.0,0.0,0.0,0.0,0.0,0.0,0.0,0.0,-0.0,12890.56967213115,0.0
118,0.0,0.0,0.0,0.0,53831.036372950824,0.0,0.0,0.0,0.0,0.0,0.0,0.0,0.0,-0.0,0.0,17187.426229508197
119,0.0,0.0,22187.35827336549,0.0,35894.7028605143,0.0,0.0,0.0,0.0,0.0,0.0,0.0,0.0,-0.0,0.0,18619.711748633887
120,0.0,0.0,24423.351434426222,0.0,-0.0,0.0,0.0,0.0,0.0,0.0,0.0,0.0,-0.0,-0.0,15038.997950819677,0.0
121,0.0,0.0,1993.5942622950752,0.0,35894.70286051418,0.0,0.0,0.0,0.0,0.0,0.0,0.0,0.0,-0.0,462.5727542399254,0.0
122,0.0,0.0,0.0,0.0,35148.94927444872,0.0,0.0,0.0,0.0,0.0,0.0,0.0,0.0,-0.0,462.572754239809,0.0
123,0.0,0.0,0.0,0.0,16324.844262295079,0.0,0.0,0.0,0.0,0.0,0.0,0.0,0.0,-0.0,16547.329918032792,0.0
124,0.0,0.0,0.0,0.0,41857.75827176528,0.0,0.0,0.0,0.0,0.0,0.0,0.0,0.0,-0.0,0.0,8985.584091437406
125,0.0,0.0,0.0,0.0,56343.15915300547,0.0,0.0,0.0,0.0,0.0,0.0,0.0,0.0,-0.0,0.0,23470.984972677597
126,0.0,0.0,0.0,0.0,13883.682889344269,0.0,0.0,0.0,0.0,0.0,0.0,0.0,0.0,-0.0,16249.14344262295,0.0
127,0.0,0.0,0.0,0.0,34210.185442481394,0.0,0.0,0.0,0.0,0.0,0.0,0.0,0.0,-0.0,0.0,6816.706958874838
128,0.0,0.0,0.0,0.0,31470.83759412085,0.0,0.0,0.0,0.0,0.0,0.0,0.0,0.0,-0.0,0.0,6816.706958874944
129,0.0,0.0,0.0,0.0,21672.860655737706,0.0,0.0,0.0,0.0,0.0,0.0,0.0,0.0,-0.0,241.92213114754122,0.0
130,0.0,0.0,0.0,0.0,18704.446200678114,0.0,0.0,0.0,0.0,0.0,0.0,0.0,0.0,-0.0,470.9887378464773,0.0
131,0.0,0.0,0.0,0.0,16834.772276497904,0.0,0.0,0.0,0.0,0.0,0.0,0.0,0.0,-0.0,970.9887378463609,0.0
132,0.0,0.0,0.0,0.0,854.3975409836057,0.0,0.0,0.0,0.0,0.0,0.0,0.0,0.0,-0.0,15581.68954918033,0.0
133,0.0,0.0,0.0,0.0,13720.353475268283,0.0,0.0,0.0,0.0,0.0,0.0,0.0,0.0,-0.0,2715.733614895653,0.0
134,0.0,0.0,0.0,0.0,15090.027399448725,0.0,0.0,0.0,0.0,0.0,0.0,0.0,0.0,-0.0,2715.73361489554,0.0
135,0.0,0.0,0.0,0.0,5762.173668032789,0.0,0.0,0.0,0.0,0.0,0.0,0.0,0.0,-0.0,13413.261270491803,0.0
136,0.0,0.0,0.0,0.0,39799.13114754099,0.0,0.0,0.0,0.0,0.0,0.0,0.0,0.0,-0.0,0.0,17884.34836065574
137,0.0,0.0,0.0,0.0,22634.16546297331,0.0,0.0,0.0,0.0,0.0,0.0,0.0,0.0,-0.0,2019.9651722725976,0.0
138,0.0,0.0,0.0,0.0,14502.908811475409,0.0,0.0,0.0,0.0,0.0,0.0,0.0,0.0,-0.0,12890.56967213115,0.0
139,0.0,0.0,0.0,0.0,47320.25256147541,0.0,0.0,0.0,0.0,0.0,0.0,0.0,0.0,-0.0,0.0,17187.426229508197
140,0.0,0.0,0.0,0.0,51491.885928961754,0.0,0.0,0.0,0.0,0.0,0.0,0.0,0.0,-0.0,0.0,18619.711748633887
141,0.0,0.0,0.0,0.0,20572.524077868853,0.0,0.0,0.0,0.0,0.0,0.0,0.0,0.0,-0.0,15038.997950819677,0.0
142,0.0,0.0,0.0,0.0,35148.949274448605,0.0,0.0,0.0,0.0,0.0,0.0,0.0,0.0,-0.0,462.5727542399254,0.0
143,0.0,0.0,1993.5942622950752,0.0,35894.7028605143,0.0,0.0,0.0,0.0,0.0,0.0,0.0,0.0,-0.0,462.572754239809,0.0
144,0.0,0.0,21803.53995901639,0.0,-0.0,0.0,0.0,0.0,0.0,0.0,0.0,0.0,0.0,-0.0,16547.329918032792,0.0
145,0.0,0.0,5185.2429112510945,0.0,35894.70286051418,0.0,0.0,0.0,0.0,0.0,0.0,0.0,0.0,-0.0,0.0,8985.584091437406
146,0.0,0.0,0.0,0.0,53272.892247267766,0.0,0.0,0.0,0.0,0.0,0.0,0.0,0.0,0.0,0.0,23470.984972677597
147,0.0,0.0,0.0,0.0,11260.309426229509,0.0,0.0,0.0,0.0,0.0,0.0,0.0,0.0,-0.0,16249.14344262295,0.0
148,0.0,0.0,0.0,0.0,34326.1598277273,0.0,0.0,0.0,0.0,0.0,0.0,0.0,0.0,-0.0,0.0,6816.706958874838
149,0.0,0.0,0.0,0.0,34326.1598277274,0.0,0.0,0.0,0.0,0.0,0.0,0.0,0.0,-0.0,0.0,6816.706958874944
150,0.0,0.0,0.0,0.0,24975.07633196722,0.0,0.0,0.0,0.0,0.0,0.0,0.0,0.0,-0.0,241.92213114754122,0.0
151,0.0,0.0,0.0,0.0,22453.555319530577,0.0,0.0,0.0,0.0,0.0,0.0,0.0,0.0,-0.0,470.9887378464773,0.0
152,0.0,0.0,0.0,0.0,19661.100913792987,0.0,0.0,0.0,0.0,0.0,0.0,0.0,0.0,-0.0,970.9887378463609,0.0
153,0.0,0.0,0.0,0.0,2757.945696721312,0.0,0.0,0.0,0.0,0.0,0.0,0.0,0.0,-0.0,15581.68954918033,0.0
154,0.0,0.0,0.0,0.0,13331.447225268283,0.0,0.0,0.0,0.0,0.0,0.0,0.0,0.0,-0.0,2715.733614895653,0.0
155,0.0,0.0,0.0,0.0,12185.220022399542,0.0,0.0,0.0,0.0,0.0,0.0,0.0,0.0,-0.0,2715.73361489554,0.0
156,0.0,0.0,0.0,0.0,341.4651639344265,0.0,0.0,0.0,0.0,0.0,0.0,0.0,0.0,-0.0,13413.261270491803,0.0
157,0.0,0.0,0.0,0.0,31639.074795081968,0.0,0.0,0.0,0.0,0.0,0.0,0.0,0.0,-0.0,0.0,17884.34836065574
158,0.0,0.0,0.0,0.0,12880.988465022485,0.0,0.0,0.0,0.0,0.0,0.0,0.0,0.0,-0.0,2019.9651722725976,0.0
159,0.0,0.0,0.0,0.0,3156.611168032785,0.0,0.0,0.0,0.0,0.0,0.0,0.0,0.0,-0.0,12890.56967213115,0.0
160,0.0,0.0,0.0,0.0,35527.061475409835,0.0,0.0,0.0,0.0,0.0,0.0,0.0,0.0,-0.0,0.0,17187.426229508197
161,0.0,0.0,0.0,0.0,39251.80140027324,0.0,0.0,0.0,0.0,0.0,0.0,0.0,0.0,-0.0,0.0,18619.711748633887
162,0.0,0.0,0.0,0.0,7885.546106557376,0.0,0.0,0.0,0.0,0.0,0.0,0.0,0.0,-0.0,15038.997950819677,0.0
163,0.0,0.0,0.0,0.0,24754.425708874835,0.0,0.0,0.0,0.0,0.0,0.0,0.0,0.0,-0.0,462.5727542399254,0.0
164,0.0,0.0,0.0,0.0,27046.88011461265,0.0,0.0,0.0,0.0,0.0,0.0,0.0,0.0,-0.0,462.572754239809,0.0
165,0.0,0.0,0.0,0.0,13254.577356557373,0.0,0.0,0.0,0.0,0.0,0.0,0.0,0.0,-0.0,16547.329918032792,0.0
166,0.0,0.0,0.0,0.0,38787.49136602757,0.0,0.0,0.0,0.0,0.0,0.0,0.0,0.0,-0.0,0.0,8985.584091437406
167,0.0,0.0,19670.643792491173,0.0,35894.7028605143,0.0,0.0,0.0,0.0,0.0,0.0,0.0,0.0,-0.0,0.0,23470.984972677597
168,0.0,0.0,15845.218237704921,0.0,-0.0,0.0,0.0,0.0,0.0,0.0,0.0,0.0,-0.0,-0.0,16249.14344262295,0.0
169,0.0,0.0,1163.9262295082008,0.0,35894.70286051418,0.0,0.0,0.0,0.0,0.0,0.0,0.0,0.0,-0.0,0.0,6816.706958874838
170,0.0,0.0,0.0,0.0,34898.49179494052,0.0,0.0,0.0,0.0,0.0,0.0,0.0,0.0,-0.0,0.0,6816.706958874944
171,0.0,0.0,0.0,0.0,25679.725409836065,0.0,0.0,0.0,0.0,0.0,0.0,0.0,0.0,-0.0,241.92213114754122,0.0
172,0.0,0.0,0.0,0.0,25450.65880313713,0.0,0.0,0.0,0.0,0.0,0.0,0.0,0.0,-0.0,470.9887378464773,0.0
173,0.0,0.0,0.0,0.0,24950.658803137245,0.0,0.0,0.0,0.0,0.0,0.0,0.0,0.0,-0.0,970.9887378463609,0.0
174,0.0,0.0,0.0,0.0,8179.8206967213155,0.0,0.0,0.0,0.0,0.0,0.0,0.0,0.0,-0.0,15581.68954918033,0.0
175,0.0,0.0,0.0,0.0,18885.63933592402,0.0,0.0,0.0,0.0,0.0,0.0,0.0,0.0,-0.0,2715.733614895653,0.0
176,0.0,0.0,0.0,0.0,16725.502040842173,0.0,0.0,0.0,0.0,0.0,0.0,0.0,0.0,-0.0,2715.73361489554,0.0
177,0.0,0.0,0.0,0.0,3867.837090163939,0.0,0.0,0.0,0.0,0.0,0.0,0.0,0.0,-0.0,13413.261270491803,0.0
178,0.0,0.0,0.0,0.0,33005.309426229505,0.0,0.0,0.0,0.0,0.0,0.0,0.0,0.0,-0.0,0.0,17884.34836065574
179,0.0,0.0,0.0,0.0,12020.927245760191,0.0,0.0,0.0,0.0,0.0,0.0,0.0,0.0,-0.0,2019.9651722725976,0.0
180,0.0,0.0,0.0,0.0,70.25409836065228,0.0,0.0,0.0,0.0,0.0,0.0,0.0,0.0,-0.0,12890.56967213115,0.0
181,0.0,0.0,0.0,0.0,30148.25,0.0,0.0,0.0,0.0,0.0,0.0,0.0,0.0,-0.0,0.0,17187.426229508197
182,0.0,0.0,0.0,0.0,32660.604166666675,0.0,0.0,0.0,0.0,0.0,0.0,0.0,0.0,-0.0,0.0,18619.711748633887
183,0.0,0.0,0.0,0.0,81.96311475409311,0.0,0.0,0.0,0.0,0.0,0.0,0.0,0.0,-0.0,15038.997950819677,0.0
184,0.0,0.0,0.0,0.0,16818.525606415817,0.0,0.0,0.0,0.0,0.0,0.0,0.0,0.0,-0.0,462.5727542399254,0.0
185,0.0,0.0,0.0,0.0,18978.662901497904,0.0,0.0,0.0,0.0,0.0,0.0,0.0,0.0,-0.0,462.572754239809,0.0
186,0.0,0.0,0.0,0.0,5054.043032786882,0.0,0.0,0.0,0.0,0.0,0.0,0.0,0.0,-0.0,16547.329918032792,0.0
187,0.0,0.0,0.0,0.0,32747.09433733905,0.0,0.0,0.0,0.0,0.0,0.0,0.0,0.0,-0.0,0.0,8985.584091437406
188,0.0,0.0,0.0,0.0,49392.6325136612,0.0,0.0,0.0,0.0,0.0,0.0,0.0,0.0,-0.0,0.0,23470.984972677597
189,0.0,0.0,0.0,0.0,11832.641393442627,0.0,0.0,0.0,0.0,0.0,0.0,0.0,0.0,-0.0,16249.14344262295,0.0
190,0.0,0.0,0.0,0.0,34898.49179494042,0.0,0.0,0.0,0.0,0.0,0.0,0.0,0.0,-0.0,0.0,6816.706958874838
191,0.0,0.0,1163.9262295081862,0.0,35894.7028605143,0.0,0.0,0.0,0.0,0.0,0.0,0.0,0.0,-0.0,0.0,6816.706958874944
192,0.0,0.0,30000.0,0.0,-0.0,0.0,0.0,0.0,0.0,0.0,0.0,0.0,0.0,-0.0,241.92213114754122,0.0
193,0.0,0.0,890.3596311475412,0.0,35894.70286051418,0.0,0.0,0.0,0.0,0.0,0.0,0.0,0.0,-0.0,470.9887378464773,0.0
194,0.0,0.0,0.0,0.0,33623.9159752684,0.0,0.0,0.0,0.0,0.0,0.0,0.0,0.0,-0.0,970.9887378463609,0.0
195,0.0,0.0,0.0,0.0,16352.068647540986,0.0,0.0,0.0,0.0,0.0,0.0,0.0,0.0,-0.0,15581.68954918033,0.0
196,0.0,0.0,0.0,0.0,29218.024581825663,0.0,0.0,0.0,0.0,0.0,0.0,0.0,0.0,-0.0,2715.733614895653,0.0
197,0.0,0.0,0.0,0.0,29218.024581825775,0.0,0.0,0.0,0.0,0.0,0.0,0.0,0.0,-0.0,2715.73361489554,0.0
198,0.0,0.0,0.0,0.0,15859.350409836075,0.0,0.0,0.0,0.0,0.0,0.0,0.0,0.0,-0.0,13413.261270491803,0.0
199,0.0,0.0,0.0,0.0,44495.813524590165,0.0,0.0,0.0,0.0,0.0,0.0,0.0,0.0,-0.0,0.0,17884.34836065574
200,0.0,0.0,0.0,0.0,21930.35347526839,0.0,0.0,0.0,0.0,0.0,0.0,0.0,0.0,-0.0,2019.9651722725976,0.0
201,0.0,0.0,0.0,0.0,8398.60245901639,0.0,0.0,0.0,0.0,0.0,0.0,0.0,0.0,-0.0,12890.56967213115,0.0
202,0.0,0.0,0.0,0.0,35815.451844262294,0.0,0.0,0.0,0.0,0.0,0.0,0.0,0.0,-0.0,0.0,17187.426229508197
203,0.0,0.0,0.0,0.0,35917.16410519127,0.0,0.0,0.0,0.0,0.0,0.0,0.0,0.0,-0.0,0.0,18619.711748633887
204,0.0,0.0,0.0,0.0,927.8811475409802,0.0,0.0,0.0,0.0,0.0,0.0,0.0,0.0,-0.0,15038.997950819677,0.0
205,0.0,0.0,0.0,0.0,15504.306344120732,0.0,0.0,0.0,0.0,0.0,0.0,0.0,0.0,-0.0,462.5727542399254,0.0
206,0.0,0.0,0.0,0.0,16834.87960231757,0.0,0.0,0.0,0.0,0.0,0.0,0.0,0.0,-0.0,462.572754239809,0.0
207,0.0,0.0,0.0,0.0,2080.695696721308,0.0,0.0,0.0,0.0,0.0,0.0,0.0,0.0,-0.0,16547.329918032792,0.0
208,0.0,0.0,0.0,0.0,30274.756222584947,0.0,0.0,0.0,0.0,0.0,0.0,0.0,0.0,-0.0,0.0,8985.584091437406
209,0.0,0.0,0.0,0.0,47421.30362021859,0.0,0.0,0.0,0.0,0.0,0.0,0.0,0.0,-0.0,0.0,23470.984972677597
210,0.0,0.0,0.0,0.0,10362.32172131148,0.0,0.0,0.0,0.0,0.0,0.0,0.0,0.0,-0.0,16249.14344262295,0.0
211,0.0,0.0,0.0,0.0,36089.31863920271,0.0,0.0,0.0,0.0,0.0,0.0,0.0,0.0,-0.0,0.0,6816.706958874838
212,0.0,0.0,0.0,0.0,38750.46515559626,0.0,0.0,0.0,0.0,0.0,0.0,0.0,0.0,-0.0,0.0,6816.706958874944
213,0.0,0.0,0.0,0.0,34352.98258196722,0.0,0.0,0.0,0.0,0.0,0.0,0.0,0.0,-0.0,241.92213114754122,0.0
214,0.0,0.0,0.0,0.0,34123.91597526828,0.0,0.0,0.0,0.0,0.0,0.0,0.0,0.0,-0.0,470.9887378464773,0.0
215,0.0,0.0,390.3596311475412,0.0,35894.7028605143,0.0,0.0,0.0,0.0,0.0,0.0,0.0,0.0,-0.0,970.9887378463609,0.0
216,0.0,0.0,21674.36168032787,0.0,-0.0,0.0,0.0,0.0,0.0,0.0,0.0,0.0,0.0,-0.0,15581.68954918033,0.0
217,0.0,0.0,21.272540983605722,0.0,35894.70286051418,0.0,0.0,0.0,0.0,0.0,0.0,0.0,0.0,-0.0,2715.733614895653,0.0
218,0.0,0.0,0.0,0.0,33156.567614612664,0.0,0.0,0.0,0.0,0.0,0.0,0.0,0.0,-0.0,2715.73361489554,0.0
219,0.0,0.0,0.0,0.0,19699.63217213115,0.0,0.0,0.0,0.0,0.0,0.0,0.0,0.0,-0.0,13413.261270491803,0.0
220,0.0,0.0,0.0,0.0,50997.241803278695,0.0,0.0,0.0,0.0,0.0,0.0,0.0,0.0,-0.0,0.0,17884.34836065574
221,0.0,0.0,0.0,0.0,31092.928270350356,0.0,0.0,0.0,0.0,0.0,0.0,0.0,0.0,-0.0,2019.9651722725976,0.0
222,0.0,0.0,0.0,0.0,17462.915983606563,0.0,0.0,0.0,0.0,0.0,0.0,0.0,0.0,-0.0,12890.56967213115,0.0
223,0.0,0.0,0.0,0.0,44781.50409836066,0.0,0.0,0.0,0.0,0.0,0.0,0.0,0.0,-0.0,0.0,17187.426229508197
224,0.0,0.0,0.0,0.0,43454.38183060111,0.0,0.0,0.0,0.0,0.0,0.0,0.0,0.0,-0.0,0.0,18619.711748633887
225,0.0,0.0,0.0,0.0,7036.264344262294,0.0,0.0,0.0,0.0,0.0,0.0,0.0,0.0,-0.0,15038.997950819677,0.0
226,0.0,0.0,0.0,0.0,18853.281753956795,0.0,0.0,0.0,0.0,0.0,0.0,0.0,0.0,-0.0,462.5727542399254,0.0
227,0.0,0.0,0.0,0.0,17473.57786051429,0.0,0.0,0.0,0.0,0.0,0.0,0.0,0.0,-0.0,462.572754239809,0.0
228,0.0,0.0,0.0,0.0,9.116803278684529,0.0,0.0,0.0,0.0,0.0,0.0,0.0,0.0,-0.0,16547.329918032792,0.0
229,0.0,0.0,0.0,0.0,25542.030812748882,0.0,0.0,0.0,0.0,0.0,0.0,0.0,0.0,-0.0,0.0,8985.584091437406
230,0.0,0.0,0.0,0.0,41407.135587431694,0.0,0.0,0.0,0.0,0.0,0.0,0.0,0.0,-0.0,0.0,23470.984972677597
231,0.0,0.0,0.0,0.0,3066.7110655737706,0.0,0.0,0.0,0.0,0.0,0.0,0.0,0.0,-0.0,16249.14344262295,0.0
232,0.0,0.0,0.0,0.0,28891.96925395681,0.0,0.0,0.0,0.0,0.0,0.0,0.0,0.0,-0.0,0.0,6816.706958874838
233,0.0,0.0,0.0,0.0,31651.377040842162,0.0,0.0,0.0,0.0,0.0,0.0,0.0,0.0,-0.0,0.0,6816.706958874944
234,0.0,0.0,0.0,0.0,27352.15573770492,0.0,0.0,0.0,0.0,0.0,0.0,0.0,0.0,-0.0,241.92213114754122,0.0
235,0.0,0.0,0.0,0.0,29882.496917891236,0.0,0.0,0.0,0.0,0.0,0.0,0.0,0.0,-0.0,470.9887378464773,0.0
236,0.0,0.0,0.0,0.0,32141.904704776593,0.0,0.0,0.0,0.0,0.0,0.0,0.0,0.0,-0.0,970.9887378463609,0.0
237,0.0,0.0,0.0,0.0,20290.61168032787,0.0,0.0,0.0,0.0,0.0,0.0,0.0,0.0,-0.0,15581.68954918033,0.0
238,0.0,0.0,0.0,0.0,33156.56761461255,0.0,0.0,0.0,0.0,0.0,0.0,0.0,0.0,-0.0,2715.733614895653,0.0
239,0.0,0.0,21.272540983598446,0.0,35894.7028605143,0.0,0.0,0.0,0.0,0.0,0.0,0.0,0.0,-0.0,2715.73361489554,0.0
240,0.0,0.0,25218.447745901638,0.0,-0.0,0.0,0.0,0.0,0.0,0.0,0.0,0.0,0.0,-0.0,13413.261270491803,0.0
241,0.0,0.0,19904.313532928456,0.0,35894.70286051418,0.0,0.0,0.0,0.0,0.0,0.0,0.0,0.0,-0.0,0.0,17884.34836065574
242,0.0,0.0,0.0,0.0,33186.5122867438,0.0,0.0,0.0,0.0,0.0,0.0,0.0,0.0,-0.0,2019.9651722725976,0.0
243,0.0,0.0,0.0,0.0,19607.71721311475,0.0,0.0,0.0,0.0,0.0,0.0,0.0,0.0,-0.0,12890.56967213115,0.0
244,0.0,0.0,0.0,0.0,49685.71311475409,0.0,0.0,0.0,0.0,0.0,0.0,0.0,0.0,-0.0,0.0,17187.426229508197
245,0.0,0.0,0.0,0.0,51117.99863387979,0.0,0.0,0.0,0.0,0.0,0.0,0.0,0.0,-0.0,0.0,18619.711748633887
246,0.0,0.0,0.0,0.0,14751.098360655742,0.0,0.0,0.0,0.0,0.0,0.0,0.0,0.0,-0.0,15038.997950819677,0.0
247,0.0,0.0,0.0,0.0,26619.332983464996,0.0,0.0,0.0,0.0,0.0,0.0,0.0,0.0,-0.0,462.5727542399254,0.0
248,0.0,0.0,0.0,0.0,23911.14240969462,0.0,0.0,0.0,0.0,0.0,0.0,0.0,0.0,-0.0,462.572754239809,0.0
249,0.0,0.0,0.0,0.0,5118.194672131143,0.0,0.0,0.0,0.0,0.0,0.0,0.0,0.0,-0.0,16547.329918032792,0.0
250,0.0,0.0,0.0,0.0,27942.918107830854,0.0,0.0,0.0,0.0,0.0,0.0,0.0,0.0,-0.0,0.0,8985.584091437406
251,0.0,0.0,0.0,0.0,41074.223702185795,0.0,0.0,0.0,0.0,0.0,0.0,0.0,0.0,-0.0,0.0,23470.984972677597
252,0.0,0.0,0.0,0.0,0.0,0.0,0.0,0.0,0.0,0.0,0.0,0.0,0.0,-0.0,16249.14344262295,0.0
253,0.0,0.0,0.0,0.0,23065.850401497788,0.0,0.0,0.0,0.0,0.0,0.0,0.0,0.0,-0.0,0.0,6816.706958874838
254,0.0,0.0,0.0,0.0,24419.94568838314,0.0,0.0,0.0,0.0,0.0,0.0,0.0,0.0,-0.0,0.0,6816.706958874944
255,0.0,0.0,0.0,0.0,18715.411885245907,0.0,0.0,0.0,0.0,0.0,0.0,0.0,0.0,-0.0,241.92213114754122,0.0
256,0.0,0.0,0.0,0.0,21194.53585231746,0.0,0.0,0.0,0.0,0.0,0.0,0.0,0.0,-0.0,470.9887378464773,0.0
257,0.0,0.0,0.0,0.0,23402.72642608807,0.0,0.0,0.0,0.0,0.0,0.0,0.0,0.0,-0.0,970.9887378463609,0.0
258,0.0,0.0,0.0,0.0,11500.216188524591,0.0,0.0,0.0,0.0,0.0,0.0,0.0,0.0,-0.0,15581.68954918033,0.0
259,0.0,0.0,0.0,0.0,27074.362696579767,0.0,0.0,0.0,0.0,0.0,0.0,0.0,0.0,-0.0,2715.733614895653,0.0
260,0.0,0.0,0.0,0.0,29782.55327035036,0.0,0.0,0.0,0.0,0.0,0.0,0.0,0.0,-0.0,2715.73361489554,0.0
261,0.0,0.0,0.0,0.0,21793.21618852459,0.0,0.0,0.0,0.0,0.0,0.0,0.0,0.0,-0.0,13413.261270491803,0.0
262,0.0,0.0,0.0,0.0,53090.82581967213,0.0,0.0,0.0,0.0,0.0,0.0,0.0,0.0,-0.0,0.0,17884.34836065574
263,0.0,0.0,0.0,0.0,35894.7028605143,0.0,0.0,0.0,0.0,0.0,0.0,0.0,0.0,-0.0,2019.9651722725976,0.0
264,0.0,0.0,25024.098360655746,0.0,-0.0,0.0,0.0,0.0,0.0,0.0,0.0,0.0,0.0,-0.0,12890.56967213115,0.0
265,0.0,0.0,18493.577877190735,0.0,35894.70286051418,0.0,0.0,0.0,0.0,0.0,0.0,0.0,0.0,-0.0,0.0,17187.426229508197
266,0.0,0.0,0.0,0.0,53163.36236338799,0.0,0.0,0.0,0.0,0.0,0.0,0.0,0.0,-0.0,0.0,18619.711748633887
267,0.0,0.0,0.0,0.0,16847.4487704918,0.0,0.0,0.0,0.0,0.0,0.0,0.0,0.0,-0.0,15038.997950819677,0.0
268,0.0,0.0,0.0,0.0,31423.87396707155,0.0,0.0,0.0,0.0,0.0,0.0,0.0,0.0,-0.0,462.5727542399254,0.0
269,0.0,0.0,0.0,0.0,31423.873967071668,0.0,0.0,0.0,0.0,0.0,0.0,0.0,0.0,-0.0,462.572754239809,0.0
270,0.0,0.0,0.0,0.0,12681.912909836065,0.0,0.0,0.0,0.0,0.0,0.0,0.0,0.0,-0.0,16547.329918032796,0.0
271,0.0,0.0,0.0,0.0,35557.62302586365,0.0,0.0,0.0,0.0,0.0,0.0,0.0,0.0,-0.0,0.0,8985.584091437413
272,0.0,0.0,0.0,0.0,47385.82001366121,0.0,0.0,0.0,0.0,0.0,0.0,0.0,0.0,-0.0,0.0,23470.984972677594
273,0.0,0.0,0.0,0.0,5008.4877049180395,0.0,0.0,0.0,0.0,0.0,0.0,0.0,0.0,-0.0,16249.14344262295,0.0
274,0.0,0.0,0.0,0.0,25417.1342129732,0.0,0.0,0.0,0.0,0.0,0.0,0.0,0.0,-0.0,0.0,6816.706958874838
275,0.0,0.0,0.0,0.0,24088.532266251994,0.0,0.0,0.0,0.0,0.0,0.0,0.0,0.0,-0.0,0.0,6816.706958874944
276,0.0,0.0,0.0,0.0,15701.301229508197,0.0,0.0,0.0,0.0,0.0,0.0,0.0,0.0,-0.0,241.92213114754122,0.0
277,0.0,0.0,0.0,0.0,15472.234622809261,0.0,0.0,0.0,0.0,0.0,0.0,0.0,0.0,-0.0,470.9887378464773,0.0
278,0.0,0.0,0.0,0.0,16300.83656953069,0.0,0.0,0.0,0.0,0.0,0.0,0.0,0.0,-0.0,970.9887378463609,0.0
279,0.0,0.0,0.0,0.0,3018.7377049180323,0.0,0.0,0.0,0.0,0.0,0.0,0.0,0.0,-0.0,15581.68954918033,0.0
280,0.0,0.0,0.0,0.0,18541.897532645336,0.0,0.0,0.0,0.0,0.0,0.0,0.0,0.0,-0.0,2715.733614895653,0.0
281,0.0,0.0,0.0,0.0,21199.101426088073,0.0,0.0,0.0,0.0,0.0,0.0,0.0,0.0,-0.0,2715.73361489554,0.0
282,0.0,0.0,0.0,0.0,13158.777663934434,0.0,0.0,0.0,0.0,0.0,0.0,0.0,0.0,-0.0,13413.261270491803,0.0
283,0.0,0.0,0.0,0.0,47113.5911885246,0.0,0.0,0.0,0.0,0.0,0.0,0.0,0.0,-0.0,0.0,17884.34836065574
284,0.0,0.0,0.0,0.0,29866.48154903888,0.0,0.0,0.0,0.0,0.0,0.0,0.0,0.0,-0.0,2019.9651722725976,0.0
285,0.0,0.0,0.0,0.0,21653.08094262295,0.0,0.0,0.0,0.0,0.0,0.0,0.0,0.0,-0.0,12890.56967213115,0.0
286,0.0,0.0,0.0,0.0,51731.076844262294,0.0,0.0,0.0,0.0,0.0,0.0,0.0,0.0,-0.0,0.0,17187.426229508197
287,0.0,0.0,19925.863396316316,0.0,35894.7028605143,0.0,0.0,0.0,0.0,0.0,0.0,0.0,0.0,-0.0,0.0,18619.711748633887
288,0.0,0.0,22161.856557377047,0.0,-0.0,0.0,0.0,0.0,0.0,0.0,0.0,0.0,0.0,-0.0,15038.997950819677,0.0
289,0.0,0.0,0.0,0.0,35894.70286051418,0.0,0.0,0.0,0.0,0.0,0.0,0.0,0.0,-0.0,462.5727542399254,0.0
290,0.0,0.0,0.0,0.0,33297.75460231757,0.0,0.0,0.0,0.0,0.0,0.0,0.0,0.0,0.0,462.572754239809,0.0
291,0.0,0.0,0.0,0.0,14616.049180327864,0.0,0.0,0.0,0.0,0.0,0.0,0.0,0.0,-0.0,16547.329918032796,0.0
292,0.0,0.0,0.0,0.0,40148.96318979807,0.0,0.0,0.0,0.0,0.0,0.0,0.0,0.0,-0.0,0.0,8985.584091437413
293,0.0,0.0,0.0,0.0,54634.36407103825,0.0,0.0,0.0,0.0,0.0,0.0,0.0,0.0,-0.0,0.0,23470.984972677594
294,0.0,0.0,0.0,0.0,12317.287397540993,0.0,0.0,0.0,0.0,0.0,0.0,0.0,0.0,-0.0,16249.14344262295,0.0
295,0.0,0.0,0.0,0.0,32786.18954084205,0.0,0.0,0.0,0.0,0.0,0.0,0.0,0.0,-0.0,0.0,6816.706958874838
296,0.0,0.0,0.0,0.0,30189.24128264544,0.0,0.0,0.0,0.0,0.0,0.0,0.0,0.0,-0.0,0.0,6816.706958874944
297,0.0,0.0,0.0,0.0,20533.66393442623,0.0,0.0,0.0,0.0,0.0,0.0,0.0,0.0,-0.0,241.92213114754122,0.0
298,0.0,0.0,0.0,0.0,17707.649069530577,0.0,0.0,0.0,0.0,0.0,0.0,0.0,0.0,-0.0,470.9887378464773,0.0
299,0.0,0.0,0.0,0.0,15909.174940432327,0.0,0.0,0.0,0.0,0.0,0.0,0.0,0.0,-0.0,970.9887378463609,0.0
300,0.0,0.0,0.0,0.0,0.0,0.0,0.0,0.0,0.0,0.0,0.0,0.0,0.0,-0.0,15581.68954918033,0.0
301,0.0,0.0,0.0,0.0,12865.955934284677,0.0,0.0,0.0,0.0,0.0,0.0,0.0,0.0,-0.0,2715.733614895653,0.0
302,0.0,0.0,0.0,0.0,14164.430063383148,0.0,0.0,0.0,0.0,0.0,0.0,0.0,0.0,-0.0,2715.73361489554,0.0
303,0.0,0.0,0.0,0.0,4765.376536885251,0.0,0.0,0.0,0.0,0.0,0.0,0.0,0.0,-0.0,13413.261270491803,0.0
304,0.0,0.0,0.0,0.0,38659.934426229505,0.0,0.0,0.0,0.0,0.0,0.0,0.0,0.0,-0.0,0.0,17884.34836065574
305,0.0,0.0,0.0,0.0,21352.569151497897,0.0,0.0,0.0,0.0,0.0,0.0,0.0,0.0,-0.0,2019.9651722725976,0.0
306,0.0,0.0,0.0,0.0,13078.912909836065,0.0,0.0,0.0,0.0,0.0,0.0,0.0,0.0,-0.0,12890.56967213115,0.0
307,0.0,0.0,0.0,0.0,45753.85706967214,0.0,0.0,0.0,0.0,0.0,0.0,0.0,0.0,-0.0,0.0,17187.426229508197
308,0.0,0.0,0.0,0.0,49783.09084699454,0.0,0.0,0.0,0.0,0.0,0.0,0.0,0.0,-0.0,0.0,18619.711748633887
309,0.0,0.0,0.0,0.0,18721.3294057377,0.0,0.0,0.0,0.0,0.0,0.0,0.0,0.0,-0.0,15038.997950819677,0.0
310,0.0,0.0,0.0,0.0,33297.75460231745,0.0,0.0,0.0,0.0,0.0,0.0,0.0,0.0,-0.0,462.5727542399254,0.0
311,0.0,0.0,0.0,0.0,35894.7028605143,0.0,0.0,0.0,0.0,0.0,0.0,0.0,0.0,-0.0,462.572754239809,0.0
312,0.0,0.0,19809.945696721312,0.0,-0.0,0.0,0.0,0.0,0.0,0.0,0.0,0.0,-0.0,-0.0,16547.329918032796,0.0
313,0.0,0.0,4388.490862070772,0.0,35894.70286051418,0.0,0.0,0.0,0.0,0.0,0.0,0.0,-0.0,0.0,0.0,8985.584091437413
314,0.0,0.0,0.0,0.0,52533.05105874318,0.0,0.0,0.0,0.0,0.0,0.0,0.0,0.0,-0.0,0.0,23470.984972677597
315,0.0,0.0,0.0,0.0,10577.379098360652,0.0,0.0,0.0,0.0,0.0,0.0,0.0,0.0,-0.0,16249.143442622953,0.0
316,0.0,0.0,0.0,0.0,33643.22949985844,0.0,0.0,0.0,0.0,0.0,0.0,0.0,0.0,-0.0,0.0,6816.706958874838
317,0.0,0.0,0.0,0.0,33643.22949985855,0.0,0.0,0.0,0.0,0.0,0.0,0.0,0.0,-0.0,0.0,6816.706958874944
318,0.0,0.0,0.0,0.0,24349.056864754108,0.0,0.0,0.0,0.0,0.0,0.0,0.0,0.0,0.0,241.92213114754122,0.0
319,0.0,0.0,0.0,0.0,21884.4467129732,0.0,0.0,0.0,0.0,0.0,0.0,0.0,0.0,-0.0,470.9887378464773,0.0
320,0.0,0.0,0.0,0.0,19148.903167891352,0.0,0.0,0.0,0.0,0.0,0.0,0.0,0.0,-0.0,970.9887378463609,0.0
321,0.0,0.0,0.0,0.0,2302.6588114754086,0.0,0.0,0.0,0.0,0.0,0.0,0.0,0.0,-0.0,15581.68954918033,0.0
322,0.0,0.0,0.0,0.0,12933.07120067812,0.0,0.0,0.0,0.0,0.0,0.0,0.0,0.0,-0.0,2715.733614895653,0.0
323,0.0,0.0,0.0,0.0,11815.29942813725,0.0,0.0,0.0,0.0,0.0,0.0,0.0,0.0,-0.0,2715.73361489554,0.0
324,0.0,0.0,0.0,0.0,0.0,0.0,0.0,0.0,0.0,0.0,0.0,0.0,0.0,-0.0,13413.261270491803,0.0
325,0.0,0.0,0.0,0.0,31297.60963114754,0.0,0.0,0.0,0.0,0.0,0.0,0.0,0.0,-0.0,0.0,17884.34836065574
326,0.0,0.0,0.0,0.0,12511.067870760193,0.0,0.0,0.0,0.0,0.0,0.0,0.0,0.0,-0.0,2019.9651722725976,0.0
327,0.0,0.0,0.0,0.0,2758.235143442622,0.0,0.0,0.0,0.0,0.0,0.0,0.0,0.0,-0.0,12890.56967213115,0.0
328,0.0,0.0,0.0,0.0,35071.774590163935,0.0,0.0,0.0,0.0,0.0,0.0,0.0,0.0,-0.0,0.0,17187.426229508197
329,0.0,0.0,0.0,0.0,38739.6036543716,0.0,0.0,0.0,0.0,0.0,0.0,0.0,0.0,-0.0,0.0,18619.711748633887
330,0.0,0.0,0.0,0.0,7316.4375,0.0,0.0,0.0,0.0,0.0,0.0,0.0,0.0,-0.0,15038.997950819677,0.0
331,0.0,0.0,0.0,0.0,24128.406241661723,0.0,0.0,0.0,0.0,0.0,0.0,0.0,0.0,-0.0,462.5727542399254,0.0
332,0.0,0.0,0.0,0.0,26363.949786743797,0.0,0.0,0.0,0.0,0.0,0.0,0.0,0.0,-0.0,462.572754239809,0.0
333,0.0,0.0,0.0,0.0,12514.736168032785,0.0,0.0,0.0,0.0,0.0,0.0,0.0,0.0,-0.0,16547.329918032796,0.0
334,0.0,0.0,0.0,0.0,38047.65017750299,0.0,0.0,0.0,0.0,0.0,0.0,0.0,0.0,-0.0,0.0,8985.584091437413
335,0.0,0.0,18873.891743310844,0.0,35894.7028605143,0.0,0.0,0.0,0.0,0.0,0.0,0.0,-0.0,-0.0,0.0,23470.9849726776
336,0.0,0.0,14048.466188524588,0.0,-0.0,0.0,0.0,0.0,0.0,0.0,0.0,0.0,1000.0,0.0,16249.143442622957,0.0
