Biomasse,Wasserkraft,Wind Offshore,Wind Onshore,Photovoltaik,Sonstige Erneuerbare,Braunkohle,Steinkohle,Erdgas,Pumpspeicher,Sonstige Konventionelle
0.8802246527214416,0.6941806396287621,0.6035276180410083,0.4035276180410083,0.13052619222005157,0.5478621948700813,0.9508803482019814,0.9027375797156462,0.8379285554318698,0.7989819358323447,0.6664992482260775
0.9014957533321227,0.6837263811625617,0.7,0.5,0.25881904510252074,0.6356975936807279,0.9543224709955835,0.8833610410465679,0.840337103026551,0.6183480179394143,0.6233470874768504
0.9002853998753939,0.7003051563466093,0.7828427124746191,0.582842712474619,0.3826834323650898,0.6438172729489122,0.9517466053179149,0.9023271877197631,0.8581184921512612,0.7577458548733516,0.6354750840923017
0.9070799142941433,0.7046721964476705,0.8464101615137755,0.6464101615137754,0.49999999999999994,0.6322019556951359,0.947951215602479,0.9112823800913105,0.8573101325891979,0.6542076752985465,0.5689446478678416
0.9104728015236622,0.6918538538857485,0.8863703305156274,0.6863703305156273,0.6087614290087207,0.6404775481190367,0.9465845434927191,0.8821551467023718,0.8547094933176019,0.6971449489765649,0.6036014699546918
0.8896390628368697,0.6994723878129046,0.9,0.7,0.7071067811865476,0.5153180933821632,0.9534062349144605,0.8819467701151639,0.8683586877701586,0.7122604903011409,0.6693487172789777
0.8889258005826157,0.7113983587392381,0.8863703305156274,0.6863703305156273,0.7933533402912352,0.6683047613554243,0.9494387411633859,0.8896624064805514,0.8433939366265101,0.757827802416928,0.6409937277887942
0.9009345052619304,0.7115986948976705,0.8464101615137756,0.6464101615137755,0.8660254037844386,0.5211039021819489,0.9478986315443233,0.8818605252183775,0.858871415246536,0.7780695488353041,0.6323486948957142
0.9184013742242901,0.7033203850069566,0.7828427124746191,0.582842712474619,0.9238795325112867,0.6040564573970687,0.9559329251455803,0.8975943686671416,0.8407452188934235,0.6043714675790661,0.5601842490610056
0.9117168473634464,0.7011272785371558,0.7,0.5,0.9659258262890683,0.6098790229769991,0.9503272536060681,0.9067095379387731,0.8643937492936942,0.7414935592532772,0.6230465741520743
0.9188577104297702,0.7198255182459035,0.6035276180410084,0.4035276180410084,0.9914448613738104,0.6623831351750745,0.9473300592883086,0.9079221142268902,0.8429814665078426,0.7582369658546836,0.6573168235795799
0.8900389072466088,0.6820901699665599,0.5,0.30000000000000004,1.0,0.6395736329914102,0.9412502762837394,0.9082159231631888,0.8648156651154842,0.6220559038297773,0.6551831035215239
0.9040291637163163,0.6990944613632406,0.3964723819589917,0.19647238195899167,0.9914448613738104,0.5377357249060387,0.9507236068985494,0.8927585404661393,0.8593248451990362,0.6154701000358704,0.6117195124093798
0.9061249289589416,0.6842631962016378,0.3000000000000001,0.10000000000000009,0.9659258262890683,0.5210717498663938,0.9471918682404572,0.9072373684593975,0.8506407300544621,0.7067422900683044,0.5780623806815176
0.891715658903843,0.707382030684264,0.21715728752538116,0.01715728752538115,0.9238795325112868,0.6222503054347656,0.9550868433800188,0.8910896900418543,0.8407293556659586,0.7333505797610503,0.5871559725016623
0.8982108120993597,0.6840018024620896,0.1535898384862246,-0.046410161513775416,0.8660254037844387,0.503335614409011,0.9584195056419148,0.9197271292816126,0.8503015136789658,0.6137675932956135,0.6964074044913733
0.8972702681372559,0.7122972645262206,0.11362966948437264,-0.08637033051562737,0.7933533402912352,0.5319951676401682,0.9412647917838666,0.9061069341283743,0.8401632190112635,0.6843392657476078,0.6249748155947413
0.8908131576564714,0.7053848857460133,0.09999999999999998,-0.10000000000000003,0.7071067811865476,0.5337481757498408,0.9485059927986238,0.910424051042803,0.8536888899329038,0.7721502832347683,0.5241319637835877
0.9146129259428305,0.714069207216155,0.11362966948437259,-0.08637033051562742,0.6087614290087209,0.5491254088053965,0.9592214133684787,0.894573373639838,0.8344052158610682,0.7626977998843087,0.5906257812038899
0.8862827826510585,0.6996717327885968,0.15358983848622454,-0.04641016151377547,0.49999999999999994,0.6602937730848535,0.9496541975641761,0.8894435230409423,0.8590153491938548,0.7244565299262066,0.6210085224434635
0.9010623722013026,0.6904045623839238,0.21715728752538094,0.017157287525380926,0.3826834323650899,0.6045904987678474,0.9582674047875591,0.912462045021378,0.8624952921353296,0.7532450672050659,0.6498297697014992
0.8943839412440316,0.6920150978489754,0.2999999999999998,0.09999999999999981,0.258819045102521,0.5630243239776938,0.941337570547397,0.9104509839791516,0.8443344162490602,0.7152018993481841,0.5199298809249191
0.8953840397943001,0.691735027384652,0.39647238195899137,0.19647238195899136,0.130526192220052,0.6221865741797731,0.9440152875188225,0.9138592717409714,0.8616267695408142,0.7205591639606712,0.6843249806312425
0.8849022335896848,0.7033606855726506,0.5,0.3,0,0.5023863529482095,0.9419650792314597,0.8922215780609837,0.8657723040998309,0.6993087919029337,0.573722056122387
0.8985913039276074,0.7060402977216885,0.6035276180410083,0.4035276180410083,0.13052619222005157,0.5523525309015169,0.9470866397863661,0.8957170177726252,0.837643165270188,0.7961397302317779,0.683045868666793
0.8874902674650925,0.6875187522754663,0.7,0.5,0.25881904510252074,0.5572260053945114,0.9411449173786978,0.9171474057183845,0.8422506218109314,0.7044198444661787,0.6412222199418023
0.9060723979664453,0.69635938120373,0.7828427124746191,0.582842712474619,0.3826834323650898,0.5513529741854293,0.9436324394911697,0.9090404405120359,0.8554680111094146,0.6521938980917623,0.6540184374174891
0.8984410210401689,0.7101266201123508,0.8464101615137755,0.6464101615137754,0.49999999999999994,0.5533751174899355,0.9584198613984187,0.8904997140819222,0.8611387421290198,0.7322887278647217,0.6357815921458264
0.8992842851033297,0.6964869886077256,0.8863703305156274,0.6863703305156273,0.6087614290087207,0.5778914418032257,0.9451253137496506,0.881885832239042,0.8680260033758327,0.777327720978458,0.5821009158382366
0.9035615311528826,0.7121695621522738,0.9,0.7,0.7071067811865476,0.5293505674827322,0.9482682395380314,0.9141039216400866,0.8663283236963135,0.7437650505199904,0.558365792985775
0.9020774473816129,0.7093349547297938,0.8863703305156274,0.6863703305156273,0.7933533402912352,0.6433343423654188,0.9526067269179967,0.9062230723191792,0.8390115830424762,0.6249366627249748,0.6294031969541813
0.9127713415892218,0.6903830329134644,0.8464101615137756,0.6464101615137755,0.8660254037844386,0.6068541406539513,0.9403992943977864,0.882252970448975,0.8362125870440433,0.7060946381082246,0.5950592528133382
0.909513190716933,0.7086243871440526,0.7828427124746191,0.582842712474619,0.9238795325112867,0.6230513490067918,0.9481255572316549,0.9070424065487156,0.8388343722958107,0.7252916157179361,0.5690905528525256
0.9141058052592587,0.6858183297373398,0.7,0.5,0.9659258262890683,0.5170974524715118,0.9554532649158087,0.8978574491914768,0.833954095592132,0.6710109270246318,0.6921284311975217
0.8899216152137727,0.6988828801454167,0.6035276180410084,0.4035276180410084,0.9914448613738104,0.613587437442551,0.9503757663315522,0.9151166534320756,0.8341861420507681,0.7196893245577549,0.5105889097924612
0.902312775083496,0.7004157789606681,0.5,0.30000000000000004,1.0,0.6653377080688303,0.9447436820683495,0.9007728945129677,0.8592764418033212,0.6879704116401396,0.6745976044240576
0.904324310703206,0.7120433198546195,0.3964723819589917,0.19647238195899167,0.9914448613738104,0.6116365810542747,0.9528893873368185,0.9126949440199886,0.8369176478542751,0.6934136206632753,0.5875222167046662
0.9069551750092698,0.694266446491924,0.3000000000000001,0.10000000000000009,0.9659258262890683,0.667425303604129,0.9501345036058813,0.9035555753039816,0.8446827711370644,0.6021252100924056,0.630685793487359
0.9067089564696106,0.6894017859565204,0.21715728752538116,0.01715728752538115,0.9238795325112868,0.6594480961251804,0.9432944899165032,0.8958375120353863,0.8554622082470191,0.7518558048159761,0.5339421628488515
0.8855305190151862,0.7141512135558103,0.1535898384862246,-0.046410161513775416,0.8660254037844387,0.6943796668336077,0.9429439826022289,0.9085462476092051,0.8374750117426174,0.6078675121807512,0.6739127483482911
0.9171171864997165,0.71765526284975,0.11362966948437264,-0.08637033051562737,0.7933533402912352,0.6008637490765099,0.9422427130255051,0.9135209232193453,0.8418597639394632,0.6800493897504889,0.5375095080658789
0.8967557355441982,0.704508211010302,0.09999999999999998,-0.10000000000000003,0.7071067811865476,0.5945090605656279,0.9491430698523747,0.8944284425466806,0.8332764448831494,0.7406956110647548,0.6077772705541667
0.8883656362451241,0.7017447055126725,0.11362966948437259,-0.08637033051562742,0.6087614290087209,0.6823932225937552,0.9422852070556371,0.9102425648718608,0.8329356585571845,0.6577115887429396,0.5488874190047536
0.8931495737507837,0.6925868169560108,0.15358983848622454,-0.04641016151377547,0.49999999999999994,0.5787143956970103,0.9468265461637178,0.9078206457830442,0.8538842235659311,0.7527003651199595,0.652013092859297
0.9048854103944429,0.7118988690014609,0.21715728752538094,0.017157287525380926,0.3826834323650899,0.5075493634005367,0.9427795521662551,0.896520065583614,0.8524234089010309,0.6886534746200157,0.5964885976949316
0.9188715784569115,0.7132639720229593,0.2999999999999998,0.09999999999999981,0.258819045102521,0.5203271605727747,0.9425179789130337,0.9042995915002092,0.851994148855756,0.6935444353206642,0.5324510674170218
0.890974825724764,0.7023039840049575,0.39647238195899137,0.19647238195899136,0.130526192220052,0.6340671086820341,0.9597585297763082,0.9168050887639901,0.8480649505848232,0.7254900522631216,0.6543185509900886
0.898045923846831,0.6857881339709424,0.5,0.3,0,0.6884341798412807,0.9563858075395819,0.9161706837584142,0.8572196023156585,0.6083516899297906,0.6393715502169435
0.9061151582566581,0.7165157633512613,0.6035276180410083,0.4035276180410083,0.13052619222005157,0.5719016015964288,0.9548010069498896,0.8949247301512303,0.8443322677404205,0.7595555978424267,0.5450502088873108
0.905326845637743,0.6889672974191811,0.7,0.5,0.25881904510252074,0.6489536391375267,0.9514713879311629,0.9094044410231163,0.840030960449565,0.7617445885194125,0.6747903257423808
0.9153535512676774,0.698835987868417,0.7828427124746191,0.582842712474619,0.3826834323650898,0.6817931870177198,0.955245814761825,0.9128758789418929,0.8370548506934372,0.6984075683550748,0.6065934889153408
0.8986246120055844,0.6993965482374239,0.8464101615137755,0.6464101615137754,0.49999999999999994,0.5095647360084605,0.9551827697836097,0.9196665528219279,0.8415779082166311,0.7770987604793598,0.5553900074962235
0.8839852500079529,0.7173700480033314,0.8863703305156274,0.6863703305156273,0.6087614290087207,0.5412840488259295,0.9551035415627294,0.9031788314479693,0.8641654873074667,0.7253157309593438,0.6140250095146765
0.907833169250481,0.7169721571649467,0.9,0.7,0.7071067811865476,0.5273091676276443,0.95555127025939,0.8968485127430074,0.8528877274268963,0.612326721854636,0.5231874682951491
0.8944804727900313,0.7013971669104252,0.8863703305156274,0.6863703305156273,0.7933533402912352,0.5598796471034884,0.949973772009415,0.9114051069890462,0.8371940833788071,0.7723574683679326,0.5385531422387525
0.888936019580706,0.695086195691067,0.8464101615137756,0.6464101615137755,0.8660254037844386,0.6127526022144694,0.9426937197230965,0.9185441796769965,0.8320417007116615,0.6037650004685842,0.6070452321950401
0.9105063782372066,0.6901925932204073,0.7828427124746191,0.582842712474619,0.9238795325112867,0.5623037161239124,0.947933611592383,0.9085131098122864,0.865975524410651,0.757789696771455,0.6130909826264582
0.916618155102609,0.6856362206432127,0.7,0.5,0.9659258262890683,0.5817237390113565,0.9458583796061817,0.8840411468782522,0.8456396257117846,0.7673965217743166,0.6236792532282637
0.9144557313747763,0.6923169197902838,0.6035276180410084,0.4035276180410084,0.9914448613738104,0.5439644447578444,0.9588288051720993,0.9062634138006931,0.8560002437271572,0.7151514729049239,0.5818389661145266
0.9116080508124262,0.704744784109956,0.5,0.30000000000000004,1.0,0.6400299946896673,0.9532398907872572,0.8840044774417083,0.8469560971064161,0.610106375311934,0.6341648143577325
0.9013291011380729,0.6954705878756527,0.3964723819589917,0.19647238195899167,0.9914448613738104,0.5521102668899194,0.9549140086767336,0.8908581232440552,0.8614373614445288,0.6146759925719335,0.6260936161770003
0.9027117760224472,0.7173444649747802,0.3000000000000001,0.10000000000000009,0.9659258262890683,0.519975505408511,0.9464310529938855,0.9196719446776465,0.8455010812131685,0.7081680927052549,0.543171218799836
0.9160148265282653,0.6950368590350957,0.21715728752538116,0.01715728752538115,0.9238795325112868,0.5813971541698338,0.9491720460298142,0.8844274822316381,0.8406197300680318,0.7065944881196032,0.6443233267028404
0.8876286056064323,0.6819455125008922,0.1535898384862246,-0.046410161513775416,0.8660254037844387,0.6610675372858905,0.946504484112659,0.8932734314727552,0.8655310567541906,0.733645819610115,0.5455457311625727
0.8990238440519892,0.7011714631238156,0.11362966948437264,-0.08637033051562737,0.7933533402912352,0.5041934905388455,0.9507956507794975,0.9187352345810265,0.8429763935980953,0.7982267602447013,0.5219708553644533
0.9137908597472094,0.7107260673507241,0.09999999999999998,-0.10000000000000003,0.7071067811865476,0.6890449974024087,0.949962094558179,0.9170720413431106,0.8304552801622155,0.6000596873619826,0.68516094222737
0.88076564984228,0.7116517695015382,0.11362966948437259,-0.08637033051562742,0.6087614290087209,0.5839329002084686,0.9481645879877049,0.8833755899719953,0.8345222879887778,0.6300834667271918,0.533797256907465
0.9112796282980172,0.6854528019788664,0.15358983848622454,-0.04641016151377547,0.49999999999999994,0.5968978691232719,0.9508907443342238,0.8959078693608208,0.8628928201584557,0.6857420980331328,0.5795188697644061
0.9083993013599532,0.7188351044299376,0.21715728752538094,0.017157287525380926,0.3826834323650899,0.649266390747758,0.9548258160085684,0.9049670949591504,0.8470186655694116,0.6421568503178973,0.5539680127821485
0.893580672256709,0.6866255135510004,0.2999999999999998,0.09999999999999981,0.258819045102521,0.5437517224707612,0.9400545345397535,0.906927421851682,0.8623032294536579,0.6031824940221479,0.5034524665129558
0.8801352010487515,0.7127886069575756,0.39647238195899137,0.19647238195899136,0.130526192220052,0.6310003421628552,0.9558041739848946,0.8992574093680444,0.8351251820092271,0.682780579841304,0.6514221830730875
0.8962574396604125,0.690392882671164,0.5,0.3,0,0.618184197502055,0.9450328520480977,0.9164701278239694,0.8640953821702787,0.7207471812273214,0.6922410400515061
0.8915399817000655,0.7155080139698364,0.6035276180410083,0.4035276180410083,0.13052619222005157,0.6284650601531827,0.9440748433103267,0.9131744404053038,0.8613783505659778,0.7635256381862361,0.6881122809199979
0.8885609649256482,0.6995244684871439,0.7,0.5,0.25881904510252074,0.6588589522503032,0.9477031703220281,0.9173090170245978,0.8481347237457726,0.7696015098061874,0.5696090087945447
0.8895515071711925,0.6954261137194775,0.7828427124746191,0.582842712474619,0.3826834323650898,0.589364743319975,0.9443380323358846,0.9166802968362902,0.8687867153051841,0.7880528336892663,0.5373161375233872
0.8893797270476689,0.6869222047659532,0.8464101615137755,0.6464101615137754,0.49999999999999994,0.6009384877372103,0.9477235173139005,0.8925195034985758,0.8689836465958578,0.6023509581003343,0.6822978088502197
0.9194811694301261,0.6978701914343715,0.8863703305156274,0.6863703305156273,0.6087614290087207,0.6797696603735583,0.9487038209941092,0.9020864723258439,0.8315060263528963,0.7027542762648396,0.6171980153730809
0.8815400780964896,0.6934423524233978,0.9,0.7,0.7071067811865476,0.6283491236733959,0.9461653288172401,0.8945927300698426,0.8522988061090394,0.7183938507123118,0.5681285153689294
0.9032025655758482,0.7079067427440745,0.8863703305156274,0.6863703305156273,0.7933533402912352,0.5168609268465968,0.9599928218994883,0.8812488605305839,0.8448996107184767,0.6285879977549849,0.6438879166353689
0.9181157671467116,0.7143131714533705,0.8464101615137756,0.6464101615137755,0.8660254037844386,0.5783349586242169,0.9554398189442034,0.884723327427597,0.8679476513900469,0.6307760196190726,0.6719788341892573
0.9185818683809835,0.6945672004112201,0.7828427124746191,0.582842712474619,0.9238795325112867,0.6579512847370083,0.9521157997026756,0.8995569632027861,0.8432799528138872,0.6120759076842709,0.6548856273252867
0.9147656162880995,0.7090434394771628,0.7,0.5,0.9659258262890683,0.5689191723597887,0.9596083753436494,0.8813239593353548,0.8446240739878748,0.6436099705016434,0.6579049864281218
0.9053119376100492,0.6902764463081283,0.6035276180410084,0.4035276180410084,0.9914448613738104,0.5709092204553955,0.9458539151831638,0.9027247394281643,0.8532221763414627,0.6301277868115109,0.6182591416165485
0.9099143217166397,0.6832538060883983,0.5,0.30000000000000004,1.0,0.5336611511385873,0.952300097499835,0.8801035682399924,0.865250584395943,0.7521544433804819,0.5342145004940494
0.9105311164884706,0.7180675573441972,0.3964723819589917,0.19647238195899167,0.9914448613738104,0.6659781070235883,0.9524699108920502,0.9125901665268926,0.8368216452037024,0.6169939892247167,0.6102042466512798
0.8801906935665235,0.7055548775657126,0.3000000000000001,0.10000000000000009,0.9659258262890683,0.6036621720224694,0.9559721700156731,0.9037521378592958,0.8555366325812901,0.7066949141859018,0.5307915973304678
0.90852314705657,0.6961955346570645,0.21715728752538116,0.01715728752538115,0.9238795325112868,0.5241723128750154,0.9552711732038558,0.88961741088637,0.8448130154052275,0.7650865982804231,0.6297165429435254
0.8866435359958905,0.6989416505431587,0.1535898384862246,-0.046410161513775416,0.8660254037844387,0.5396660926786729,0.9529378472428632,0.9146697631689972,0.8564656335456544,0.6851751271127707,0.656227968345932
0.8892078617031376,0.7119214300682551,0.11362966948437264,-0.08637033051562737,0.7933533402912352,0.5551494698829126,0.9510923481786182,0.8905932601180842,0.8461378402405241,0.619824179866426,0.6148860084177917
0.8826349021377866,0.6874393063352797,0.09999999999999998,-0.10000000000000003,0.7071067811865476,0.6062256168456658,0.9462744852060683,0.884745224502178,0.8514929655291549,0.6209302289600729,0.6819342727878317
0.9046090331941022,0.6916642572421331,0.11362966948437259,-0.08637033051562742,0.6087614290087209,0.657204028145763,0.9444126946435298,0.8980828151094727,0.8374960528985991,0.7785116601499029,0.5945999145218667
0.9026767592406542,0.7130702007170999,0.15358983848622454,-0.04641016151377547,0.49999999999999994,0.5781040659866912,0.9574808865637512,0.8962372043826827,0.8311235572014009,0.6462131907525187,0.5542111528340687
0.8824660185803649,0.6973069697944008,0.21715728752538094,0.017157287525380926,0.3826834323650899,0.6906053548422859,0.9542810997930185,0.8837713817575206,0.8546427637342363,0.6934343901226111,0.5917254532959882
0.9142729110155294,0.7000131065411707,0.2999999999999998,0.09999999999999981,0.258819045102521,0.6589952727201072,0.9445538869612113,0.8807102924282242,0.8441044043653662,0.74454265701793,0.6923544884794884
0.9135507754587704,0.7080518000082071,0.39647238195899137,0.19647238195899136,0.130526192220052,0.5949146040143701,0.957465911926584,0.8865072597962551,0.8602403112936639,0.6475247127158168,0.6221252620038958
0.8800470876846034,0.7107314567558456,0.5,0.3,0,0.6403544324355791,0.9549102206033875,0.8903426008487932,0.8559325647945909,0.7266972673644914,0.6380028008019473
0.9030916828599658,0.706670377947873,0.6035276180410083,0.4035276180410083,0.13052619222005157,0.5765460675516251,0.9498993305778506,0.9127183197258703,0.8477633593868599,0.7438349895204989,0.6492035568796941
0.8835974292573191,0.6810148442245714,0.7,0.5,0.25881904510252074,0.6412155210753827,0.9492908423366323,0.9084211676974472,0.8371529213545954,0.7910327772412669,0.6580365595246979
0.902775039183267,0.6982740659148093,0.7828427124746191,0.582842712474619,0.3826834323650898,0.5310786644985358,0.9508793890588001,0.8956329545551098,0.8662436324239343,0.633012728648369,0.5559235643112305
0.8956510325987233,0.7150849760461305,0.8464101615137755,0.6464101615137754,0.49999999999999994,0.6073600150694095,0.9401962125112544,0.9149222841370264,0.8679220070941246,0.6467439568878823,0.6514346407874607
0.8882615430107776,0.7044711325364205,0.8863703305156274,0.6863703305156273,0.6087614290087207,0.5775025267373374,0.9502414695832521,0.9115128163662612,0.8418549951297136,0.7648154958267182,0.6249633325172941
0.8959254503312734,0.6854405683493701,0.9,0.7,0.7071067811865476,0.513117233272554,0.9405739954649116,0.8958545392233129,0.8525994663098693,0.6416395838801705,0.6674643032821452
0.9084424569925843,0.6920052546897844,0.8863703305156274,0.6863703305156273,0.7933533402912352,0.5928768153448991,0.9477021089207236,0.9191823712979478,0.8639356116395088,0.6302406376605769,0.6182078572201722
0.9029356718086432,0.6921527260153698,0.8464101615137756,0.6464101615137755,0.8660254037844386,0.5039554891453689,0.9547445522237132,0.9038934008366197,0.8437335445840114,0.7423583024333137,0.6806776800144317
0.9004883642248099,0.712348641584335,0.7828427124746191,0.582842712474619,0.9238795325112867,0.5455596694096231,0.945376585323183,0.9194358496895635,0.8564583949190797,0.633240049432486,0.5586463535694312
0.918173627303751,0.7000189333537137,0.7,0.5,0.9659258262890683,0.6380860100014082,0.9419989226250941,0.9029172147617965,0.869820998230252,0.7739607578218944,0.6470912062258043
0.8897409904735669,0.705196511248566,0.6035276180410084,0.4035276180410084,0.9914448613738104,0.606429696229586,0.9544984903775695,0.9043699670314592,0.8393700812026043,0.6636592868274783,0.6319678957864792
0.9167701883057534,0.715680264675808,0.5,0.30000000000000004,1.0,0.6353552343277009,0.956037866939689,0.918843821386711,0.8309866458961702,0.6471912217606645,0.602464478585386
0.8910479557845121,0.7024268495509696,0.3964723819589917,0.19647238195899167,0.9914448613738104,0.6850998801665178,0.9479168986851608,0.8881889703262501,0.8490826229184293,0.6748678120259277,0.5305825344813614
0.8938321110450331,0.6903542683533719,0.3000000000000001,0.10000000000000009,0.9659258262890683,0.5046987110509328,0.9596969573326768,0.8854439556285878,0.8347033096835648,0.6066713393845471,0.6079750170261203
0.8995159941840565,0.6959714212996645,0.21715728752538116,0.01715728752538115,0.9238795325112868,0.6551965716293622,0.9421652490353216,0.8965667134986857,0.8464371830365404,0.7307429459875372,0.5512894844577833
0.9188108337154399,0.7017156881309188,0.1535898384862246,-0.046410161513775416,0.8660254037844387,0.6645956216113815,0.9545986338485818,0.90587595667033,0.8566862433352522,0.6674234425438349,0.6607119727465501
0.9142566925475001,0.6806908112732215,0.11362966948437264,-0.08637033051562737,0.7933533402912352,0.5250835986636968,0.9488345435198744,0.9162038866464992,0.8524879819962575,0.7222748983339148,0.6124989951381788
0.8983026726867108,0.6865985433145712,0.09999999999999998,-0.10000000000000003,0.7071067811865476,0.6204797513480798,0.9491638494706,0.8865157931137094,0.8555838579493915,0.7131965345430478,0.5973201395499833
0.9173228122017214,0.7067810581018373,0.11362966948437259,-0.08637033051562742,0.6087614290087209,0.5745606202464002,0.9513717058591638,0.9105456777490389,0.8453995339215767,0.7045320819945406,0.5626581602477738
0.9093551853864847,0.7074669633060559,0.15358983848622454,-0.04641016151377547,0.49999999999999994,0.5045809143955675,0.9542993977003735,0.888680545848082,0.8421573140660928,0.6441341869384516,0.5574553276514844
0.8876674080582027,0.6841567456825993,0.21715728752538094,0.017157287525380926,0.3826834323650899,0.6642037855415822,0.9508272592325855,0.8953571916888284,0.8310164329643509,0.6516158907795369,0.6726516857356472
0.9162387066342584,0.7114799909858927,0.2999999999999998,0.09999999999999981,0.258819045102521,0.6532399234740259,0.947564533681615,0.8973876330106664,0.8585541561834592,0.6069360864107262,0.6463877829813046
0.8971352117618984,0.6937178570296316,0.39647238195899137,0.19647238195899136,0.130526192220052,0.5164451974750963,0.9414613591392108,0.9086861680412515,0.8404806750511187,0.7246192209716228,0.594876125135715
0.9020367653593748,0.7090404588274305,0.5,0.3,0,0.6922744236532689,0.9565101014513653,0.8909272557298749,0.8426185118827986,0.7847738036623204,0.6006583829121133
0.9125952253746034,0.6814127346633452,0.6035276180410083,0.4035276180410083,0.13052619222005157,0.66440973432525,0.9563861891593957,0.9002541618387875,0.8605421556028259,0.7035757341789602,0.5693402593082825
0.8878122832065336,0.6974578665212429,0.7,0.5,0.25881904510252074,0.5396684845362699,0.9478516435523135,0.8821793689426622,0.854604746508318,0.7466269201976422,0.6579274263562558
0.9029776384429039,0.6832872354056687,0.7828427124746191,0.582842712474619,0.3826834323650898,0.5591599344800287,0.9442386838408002,0.9161833196873912,0.8642432093373394,0.6229747338376023,0.5817456096106413
0.8948076930829305,0.6939252455890003,0.8464101615137755,0.6464101615137754,0.49999999999999994,0.5020671984956359,0.9584826871914982,0.9091008366243567,0.8590032395093867,0.6279677027413717,0.5348222245243291
0.8826753868097637,0.7066429139468874,0.8863703305156274,0.6863703305156273,0.6087614290087207,0.6367388382514132,0.9562688430267072,0.896980500671714,0.8346832136103267,0.698690422444325,0.5755716126957293
0.8803099199485461,0.7051161359329516,0.9,0.7,0.7071067811865476,0.6867051931993846,0.9414237947068713,0.8813963562576498,0.8406636524810787,0.7133902081068061,0.5443159827854334
0.8810153712876265,0.6902467648266474,0.8863703305156274,0.6863703305156273,0.7933533402912352,0.5948206098808626,0.9576694391228507,0.8800558235335216,0.8529805141433542,0.7143634301175108,0.6129310211821642
0.9113595366173163,0.698644795131025,0.8464101615137756,0.6464101615137755,0.8660254037844386,0.6036779952150061,0.9406813899175162,0.885461687825439,0.8513377630600198,0.6453517471359909,0.5191620088536488
0.9122085350724213,0.7190370862432373,0.7828427124746191,0.582842712474619,0.9238795325112867,0.5901708910189605,0.9515662503505312,0.8837845254532916,0.8468852490820954,0.7637889901188157,0.5582192994106655
0.8957024772352085,0.7065510016959237,0.7,0.5,0.9659258262890683,0.6950120598389881,0.9590063677281777,0.9167493911764864,0.8414512895935625,0.6649875101787613,0.500932339158726
0.8844640010956987,0.7041182378548203,0.6035276180410084,0.4035276180410084,0.9914448613738104,0.6859915588294926,0.9572249967316018,0.8970388156598521,0.8567668306458802,0.6059006865333854,0.6423382716551386
0.913208876731911,0.7095738739363252,0.5,0.30000000000000004,1.0,0.549244947570085,0.9523682577043018,0.9038432903417903,0.8605835701236628,0.7652434452335549,0.5340146462631021
0.8921671348830027,0.7091806246181034,0.3964723819589917,0.19647238195899167,0.9914448613738104,0.568357172812318,0.9560354563958368,0.9032365512698219,0.8349365667894765,0.6570450505217836,0.6824209873978626
0.8955600457143265,0.6993474792505817,0.3000000000000001,0.10000000000000009,0.9659258262890683,0.6301922615028969,0.9597414770494895,0.8931251187576583,0.848474634357832,0.7783266433539152,0.5829158202292731
0.9099629040258441,0.683783188229721,0.21715728752538116,0.01715728752538115,0.9238795325112868,0.517324210572244,0.9550891436745516,0.8814749096891353,0.8569120602137326,0.6732346062716514,0.5105929435458744
0.9028550810843442,0.7056878137528644,0.1535898384862246,-0.046410161513775416,0.8660254037844387,0.553060518179166,0.9563641652132168,0.9028166649710647,0.8381553171256866,0.7069507702631248,0.555078097680363
0.9153792806565415,0.7133613493478578,0.11362966948437264,-0.08637033051562737,0.7933533402912352,0.5765692202753725,0.9478525516056202,0.9011132526834512,0.8347498583354711,0.7845298451700576,0.5448331732637752
0.9110998869097913,0.6831613185987099,0.09999999999999998,-0.10000000000000003,0.7071067811865476,0.5768450274928046,0.9503836728964524,0.8941636361588062,0.8626689789892251,0.6843105676800956,0.6361127777201189
0.919612309861587,0.6973347644138487,0.11362966948437259,-0.08637033051562742,0.6087614290087209,0.6366335694815706,0.9546138829798451,0.8843550620888537,0.8652239875725711,0.6480908223554833,0.6576226736149153
0.9182501439256142,0.6864609408528448,0.15358983848622454,-0.04641016151377547,0.49999999999999994,0.5540847183068881,0.9480318580198828,0.8816257506215587,0.8490021411188547,0.7675238368847253,0.5961270351880318
0.9158916161078454,0.7130160438894473,0.21715728752538094,0.017157287525380926,0.3826834323650899,0.5196645914223071,0.9567804880815206,0.9064060161594634,0.866187550499184,0.7450757331230389,0.6396219470787289
0.9086316928362626,0.7022644381310824,0.2999999999999998,0.09999999999999981,0.258819045102521,0.637059844419203,0.9462352533030254,0.9140312962219163,0.8370086265933269,0.6287123251547839,0.6840027776837116
0.8972060460330618,0.7048578107291508,0.39647238195899137,0.19647238195899136,0.130526192220052,0.5922091386989149,0.95911621407829,0.8920680026914879,0.8613585763909607,0.6210701764399738,0.595163174842297
0.906685853848175,0.70290421919214,0.5,0.3,0,0.5430740598356726,0.9427530985431319,0.887327201576123,0.8513384287702404,0.7109918551841673,0.6874474620102339
0.917183565950077,0.703645240391702,0.6035276180410083,0.4035276180410083,0.13052619222005157,0.5404254802546056,0.9499606501854583,0.9124476947996313,0.8689157074768792,0.6147238027810698,0.5869712863090999
0.8930507614542208,0.6923594007912715,0.7,0.5,0.25881904510252074,0.6477421527092051,0.9568554977062563,0.9179784734428699,0.8538101271833057,0.7401681022129509,0.6071427704050851
0.8801736867755319,0.6977576493337568,0.7828427124746191,0.582842712474619,0.3826834323650898,0.6929696329252504,0.9456035038494273,0.8925617910926877,0.8413419340047469,0.6407807177775783,0.5765104855221196
0.9058230928694847,0.7018872036999174,0.8464101615137755,0.6464101615137754,0.49999999999999994,0.5578697209841196,0.9584073032829,0.8931702507187739,0.8301621696814637,0.661890158094676,0.6725351988672633
0.90471481299414,0.6807686806905523,0.8863703305156274,0.6863703305156273,0.6087614290087207,0.6377757280270469,0.9537924814214478,0.9158262513629688,0.8303470094697493,0.6449384637535847,0.6924199187069418
0.895116438109373,0.6916547780448477,0.9,0.7,0.7071067811865476,0.5658215293329208,0.9480604419126778,0.901258480127188,0.8509147460356187,0.7793527527430597,0.5353230661394209
0.8875696413852976,0.699454969633321,0.8863703305156274,0.6863703305156273,0.7933533402912352,0.5587087593858585,0.95054653640956,0.8895769433660549,0.8403814065929051,0.6390787617261161,0.6112700146629916
0.8847300243973566,0.7197643607910068,0.8464101615137756,0.6464101615137755,0.8660254037844386,0.5154753196172094,0.9479616155778642,0.8817932696310473,0.8454901834958157,0.7965513042773017,0.5233507047377461
0.9095006892615276,0.696541193693409,0.7828427124746191,0.582842712474619,0.9238795325112867,0.6935858737729217,0.9495822492896239,0.9179400432897445,0.8353781222744707,0.6222728487503648,0.5929841815414617
0.8840159549208305,0.685015775183371,0.7,0.5,0.9659258262890683,0.6428649709256993,0.9480704705667208,0.8992156234883415,0.8390570529141048,0.7728048468841745,0.6806698491265538
0.9066296317517143,0.7077336469220139,0.6035276180410084,0.4035276180410084,0.9914448613738104,0.6201201819214065,0.941684295484527,0.8850228174229096,0.8375650944127925,0.7363437236392234,0.5996158454444064
0.9080672453554892,0.6831775210935186,0.5,0.30000000000000004,1.0,0.6589045073223274,0.9523714135324671,0.9113648749778729,0.8499738882948197,0.6552380682837249,0.5220167995044659
0.90155453680383,0.7029717545119207,0.3964723819589917,0.19647238195899167,0.9914448613738104,0.6653863579254191,0.949514699365408,0.8865632016926135,0.8461567770851667,0.6904283532382224,0.5816645536397556
0.8883042439157343,0.7168411095133721,0.3000000000000001,0.10000000000000009,0.9659258262890683,0.5293614192066805,0.9506919907023759,0.8820804109971863,0.8521111696826488,0.6910851157115749,0.5707869105435627
0.8958608284733179,0.6959775619006291,0.21715728752538116,0.01715728752538115,0.9238795325112868,0.5920605141639158,0.94636423094553,0.9014743151219656,0.8600419628017475,0.6010386131281382,0.6416351132523558
0.911242844045566,0.7000849964664784,0.1535898384862246,-0.046410161513775416,0.8660254037844387,0.5772032813706532,0.940167694822924,0.9136518847839948,0.8640065631341439,0.700481777692394,0.516244219451552
0.9052340139335668,0.6918951096683724,0.11362966948437264,-0.08637033051562737,0.7933533402912352,0.6874705180077572,0.9408484987938751,0.8901078542138557,0.8321416206565999,0.6921029454774377,0.6863858575493491
0.9154792910754144,0.6844747186768818,0.09999999999999998,-0.10000000000000003,0.7071067811865476,0.5265794889666331,0.9434119840625833,0.9000384852168276,0.8493783994495314,0.7603130608254323,0.6088808459180703
0.9057052432674408,0.707180917734316,0.11362966948437259,-0.08637033051562742,0.6087614290087209,0.5759043758841869,0.9453244271855592,0.9087874062286092,0.849036358946889,0.7664270106896258,0.50643667989878
0.9150473350909625,0.6861889243824454,0.15358983848622454,-0.04641016151377547,0.49999999999999994,0.5931742145185773,0.9569433147686455,0.8859222976242714,0.8524443494732358,0.7702808431846699,0.5823715721643321
0.9034817815914058,0.6939234950314656,0.21715728752538094,0.017157287525380926,0.3826834323650899,0.698956588285845,0.9495192737497467,0.9064695413634446,0.839713255636725,0.745563344373616,0.5511276098131872
0.882748744664341,0.713778552329418,0.2999999999999998,0.09999999999999981,0.258819045102521,0.6106995973293156,0.9486786528064844,0.8866138656191161,0.8499479659985117,0.6360820009500818,0.6264730905325784
0.8824492567381887,0.6818815155113163,0.39647238195899137,0.19647238195899136,0.130526192220052,0.5881027061188092,0.951385549015655,0.9026513053750572,0.8579596454892591,0.637742464213422,0.5867707420971362
0.8915316165241726,0.707047540647334,0.5,0.3,0,0.561622316208925,0.9590091398671546,0.8823061841715949,0.8618416869378379,0.6319621212218103,0.6696073648501756
0.9045663222006078,0.6931860819753036,0.6035276180410083,0.4035276180410083,0.13052619222005157,0.588466218744613,0.9446599563952771,0.9159432777351605,0.8642278861941862,0.6947197494879257,0.6018753719753932
0.8975109199663658,0.6853606979087884,0.7,0.5,0.25881904510252074,0.5418986898250946,0.9462690982424363,0.9103229867159228,0.8662483179953024,0.6794365331527988,0.673033405588366
0.881731677359912,0.6822807691861463,0.7828427124746191,0.582842712474619,0.3826834323650898,0.5801377116435724,0.9573437115571609,0.8999074472954299,0.8523728935967346,0.7415901528011929,0.6400554882997702
0.896897030663342,0.7005043390522708,0.8464101615137755,0.6464101615137754,0.49999999999999994,0.6189024320821381,0.9591917028999523,0.9011440173503932,0.8605786752656287,0.6763502109427622,0.5935542175255943
0.8861355643722019,0.7091843335365363,0.8863703305156274,0.6863703305156273,0.6087614290087207,0.618847557231005,0.9530162213548699,0.8903833654088013,0.8407395453732847,0.7620520292188966,0.5787808348870003
0.9071086665132797,0.7186317791213138,0.9,0.7,0.7071067811865476,0.6052702114348214,0.944436008746838,0.9055061864269205,0.8671065909338349,0.7600218495653274,0.5800854514037229
0.9071328499911161,0.7128128175239482,0.8863703305156274,0.6863703305156273,0.7933533402912352,0.5701174787871641,0.9594603620427667,0.9030281110920289,0.8377372572003832,0.6520080655620487,0.6298187357729219
0.9090857359804353,0.7158381160797934,0.8464101615137756,0.6464101615137755,0.8660254037844386,0.6109541216841965,0.944053828761832,0.8873674992283799,0.833309238329103,0.6977453110584213,0.6941240852788456
0.8986384341213081,0.6896140409883792,0.7828427124746191,0.582842712474619,0.9238795325112867,0.5039639930159427,0.9519579559728805,0.900537532225033,0.8398810055683161,0.7876813225058168,0.6615314860352062
0.9072289615547428,0.7077980032878773,0.7,0.5,0.9659258262890683,0.5245707301669514,0.9560952527278382,0.8837509338476689,0.8328004514357709,0.7087392861728284,0.620135353891278
0.8924317288991211,0.700705350655172,0.6035276180410084,0.4035276180410084,0.9914448613738104,0.5319586457012887,0.9479747083826371,0.8945898396553363,0.8429054249121246,0.6572708699587052,0.6098622972527242
0.8964670042289468,0.6813660217363173,0.5,0.30000000000000004,1.0,0.583427541755462,0.9532349892543794,0.8897132432536108,0.8380667303767435,0.6852062841625649,0.5513537757016809
0.9192215227610833,0.6968497883372308,0.3964723819589917,0.19647238195899167,0.9914448613738104,0.5776377410089301,0.9510374129832113,0.8961644514081921,0.8470903165657968,0.6631090144035654,0.5175193496531822
0.8837587779977939,0.7077811976836265,0.3000000000000001,0.10000000000000009,0.9659258262890683,0.6740704575432863,0.9573544615236954,0.9096074973817521,0.8682654145650976,0.7614286637017196,0.6032117855194815
0.8868592612264209,0.707036770573235,0.21715728752538116,0.01715728752538115,0.9238795325112868,0.6551522131415599,0.9558635856684696,0.8887421247738322,0.8305228229243266,0.6542424521024155,0.5732179026606896
0.8874507879620317,0.7182145534437131,0.1535898384862246,-0.046410161513775416,0.8660254037844387,0.5822940161218054,0.9538959134744409,0.9061812298218681,0.8591340721598117,0.6833194143173926,0.6237168774229935
0.887996693439481,0.6828288123756415,0.11362966948437264,-0.08637033051562737,0.7933533402912352,0.5253695714076961,0.9589607682022571,0.9143881995713846,0.8565698904863448,0.7488469093671583,0.6021375250868519
0.8977249582413587,0.6800106464763421,0.09999999999999998,-0.10000000000000003,0.7071067811865476,0.6276169584384547,0.9581530043509477,0.9140660685495351,0.8691810127265938,0.7002887036249511,0.539419469255821
0.919353676721331,0.6995263645366147,0.11362966948437259,-0.08637033051562742,0.6087614290087209,0.5057575031200248,0.9496649882152871,0.9003878554682674,0.8684042827321964,0.7773935045537649,0.5896822810889139
0.8862352183512167,0.6974744637458309,0.15358983848622454,-0.04641016151377547,0.49999999999999994,0.6105856609097068,0.9546571750546138,0.882841632333337,0.8457925322787129,0.6020466261398856,0.5700431616585732
0.9036708690707157,0.6846661106664852,0.21715728752538094,0.017157287525380926,0.3826834323650899,0.6036612384347637,0.9585509254569349,0.8895990617466596,0.842262213731314,0.7465784387291545,0.5644883218999773
0.8907793132486387,0.6838104827952536,0.2999999999999998,0.09999999999999981,0.258819045102521,0.525643721584893,0.9460198434304935,0.8912105841192233,0.8358745349133037,0.6769082392505387,0.6737602574706574
0.9039150266547221,0.7104798456673816,0.39647238195899137,0.19647238195899136,0.130526192220052,0.6483255267555309,0.9442268643197469,0.9160597962043265,0.866055497658846,0.6912316798207024,0.5622360377884826
0.8893449987339893,0.7000820723853883,0.5,0.3,0,0.595477501997407,0.94906803463168,0.881505932927659,0.8495571555629594,0.6845247185560419,0.557969930316474
0.8936732335421523,0.6944835226851802,0.6035276180410083,0.4035276180410083,0.13052619222005157,0.6434491904259894,0.9567611491290776,0.8866703681044524,0.8359144352551363,0.7062506585547698,0.678187912457812
0.8866120650538368,0.6919258889357864,0.7,0.5,0.25881904510252074,0.5779170475375589,0.9465591044243461,0.9142415752222325,0.8641379476971291,0.6313943077638722,0.5070113155355896
0.9031931863183078,0.6884347652219875,0.7828427124746191,0.582842712474619,0.3826834323650898,0.5689517471540342,0.957018246146089,0.8847800387915186,0.8333148710441252,0.6873231857251836,0.52911594079454
0.8848642828847888,0.6805852669613992,0.8464101615137755,0.6464101615137754,0.49999999999999994,0.5864267678394162,0.9440187990841167,0.8803613383400327,0.8574110091482838,0.6909480503522258,0.6790832370130925
0.8885118514019121,0.7167673535668778,0.8863703305156274,0.6863703305156273,0.6087614290087207,0.6374898805352072,0.9505223007325578,0.8883289929032393,0.8329344584929168,0.757889360063789,0.5102107412242769
0.8975691731931495,0.6918477497758415,0.9,0.7,0.7071067811865476,0.6817935382915669,0.946371189642099,0.9109205936443804,0.8442288642754211,0.6775160362194143,0.5035352093375766
0.8975475287023272,0.7002174243852374,0.8863703305156274,0.6863703305156273,0.7933533402912352,0.5600995592844433,0.9523613644965542,0.8904899161223754,0.8302174658395245,0.768325459950402,0.5187911137157387
0.8810779066060042,0.7041097545974553,0.8464101615137756,0.6464101615137755,0.8660254037844386,0.6270659883222949,0.9436329207998784,0.8809621427829152,0.8574002241119479,0.724754772950397,0.5716181283219477
0.9195712224907918,0.7130454599590428,0.7828427124746191,0.582842712474619,0.9238795325112867,0.5312197701856777,0.9480020336856109,0.8850571435377611,0.8312173364034837,0.7230959528390989,0.6139310077636205
0.8861250460405087,0.7023865222534523,0.7,0.5,0.9659258262890683,0.6651368878321724,0.9577766490795443,0.8978369284878612,0.8680290780549067,0.7896251101305003,0.63045506317946
0.9130441478434584,0.6882421290953344,0.6035276180410084,0.4035276180410084,0.9914448613738104,0.531050979905243,0.9504770139156156,0.9141514319862079,0.8331843292980604,0.6284057533642056,0.529612859313436
0.9183779723467557,0.6970543750583753,0.5,0.30000000000000004,1.0,0.6784925519788609,0.9507643919849335,0.8958403808638166,0.8628385110699122,0.6850749073599808,0.6749084811907292
0.901101801340406,0.7036542904909872,0.3964723819589917,0.19647238195899167,0.9914448613738104,0.5888242677178983,0.9585919978391634,0.9063011485824483,0.846094768761283,0.623333836777086,0.5840132457058643
0.8881619574339384,0.7192675234804262,0.3000000000000001,0.10000000000000009,0.9659258262890683,0.6138695601706864,0.9518279001421344,0.8830065178694086,0.8365613573824271,0.7986103357332361,0.6073080847111053
0.8924333831798458,0.696947694000745,0.21715728752538116,0.01715728752538115,0.9238795325112868,0.64478163133035,0.9492080679689643,0.8928374482730446,0.8544612286139471,0.6085188238230077,0.659509595531794
0.8996412105871502,0.6801026672416542,0.1535898384862246,-0.046410161513775416,0.8660254037844387,0.6896197946648784,0.9474968997518557,0.8877397054320326,0.8575628352292075,0.6263935564533817,0.6748668055487158
0.894339997095731,0.6926455135891597,0.11362966948437264,-0.08637033051562737,0.7933533402912352,0.608329953147325,0.946520517865613,0.9106879206935611,0.844812100857386,0.779804789231372,0.5236030038487451
0.9043285618188763,0.69995133373213,0.09999999999999998,-0.10000000000000003,0.7071067811865476,0.5317313215754357,0.9552288826239621,0.8928783851781239,0.8511137212387542,0.7946624112686003,0.5942013855045557
0.8956202519830114,0.6837951387730163,0.11362966948437259,-0.08637033051562742,0.6087614290087209,0.5891227134382511,0.9521518055039726,0.9128256024302471,0.8372760233023459,0.7037224130025105,0.5989124137206329
0.8809069913253013,0.7075405389210793,0.15358983848622454,-0.04641016151377547,0.49999999999999994,0.5099987941333418,0.9419492218203231,0.8992975881993021,0.8408608546770906,0.7323492532692547,0.6357952865923759
0.8879971749578681,0.6900762664653757,0.21715728752538094,0.017157287525380926,0.3826834323650899,0.5798301256466577,0.9596206598895428,0.8812527589332266,0.8436001993077197,0.7209224648478488,0.5008371781449037
0.8918979591007004,0.6833067609849306,0.2999999999999998,0.09999999999999981,0.258819045102521,0.5052650910119726,0.9511334505453694,0.9066593012019357,0.8664830170073281,0.7338151125798953,0.6013133840630889
0.9155875308673012,0.718604170033351,0.39647238195899137,0.19647238195899136,0.130526192220052,0.6388941726420999,0.9588145888480611,0.9015519825489275,0.8533998256856691,0.6827204768795199,0.6331986811125129
0.8933755544884808,0.6922944291773022,0.5,0.3,0,0.5188874146888023,0.954590908360616,0.9061211187368989,0.8531250113445186,0.6739958710188217,0.6904820005270766
0.8860801094640538,0.7018024470272358,0.6035276180410083,0.4035276180410083,0.13052619222005157,0.6787238454236736,0.9597679233080796,0.8970624429149631,0.830156493432147,0.7828733706503138,0.6690576573074367
0.8891264245880114,0.6941057152530725,0.7,0.5,0.25881904510252074,0.6545510041924993,0.9452063114496169,0.8938345499189403,0.8599130975585237,0.680204404279435,0.5954756755113358
0.8963307035818504,0.7065641982908157,0.7828427124746191,0.582842712474619,0.3826834323650898,0.5327580715699749,0.9548513225724101,0.9068343924944449,0.8387431640763283,0.6101926512869337,0.6092764095517545
0.8995469829793913,0.7127970230571439,0.8464101615137755,0.6464101615137754,0.49999999999999994,0.6682043608533041,0.944073633223065,0.8981731501985801,0.8524645331371867,0.6020962133835259,0.5176620813959744
0.8986493311222323,0.7056037373696676,0.8863703305156274,0.6863703305156273,0.6087614290087207,0.6320183643262531,0.9505315238175125,0.8949916978077932,0.8658474935466364,0.6248684097794774,0.6048704019869908
0.903166603839941,0.6828936318697727,0.9,0.7,0.7071067811865476,0.6585403811533355,0.9530612277142476,0.9145524411888899,0.8519115354659744,0.695240129277932,0.5364711255040278
0.9095660357936503,0.7015844926970842,0.8863703305156274,0.6863703305156273,0.7933533402912352,0.6773597815325065,0.953834044686835,0.8892010178080803,0.8323796635767862,0.7594294098346681,0.6482557930074653
0.9128276950365266,0.7016175106210157,0.8464101615137756,0.6464101615137755,0.8660254037844386,0.6728451276337258,0.9434334316326262,0.9116314091392693,0.8460741007256228,0.6097066394839575,0.5322594786904884
0.8962418424360231,0.6895144756312405,0.7828427124746191,0.582842712474619,0.9238795325112867,0.6469881772589912,0.9419411692250881,0.8864074492771504,0.8538775477890624,0.7088937698808154,0.659335364349028
0.8992659568455246,0.6962356010444842,0.7,0.5,0.9659258262890683,0.5533253066828582,0.9449381331513717,0.8973353390827372,0.8493829225116515,0.7903377979050765,0.6447975512396927
0.8962956179962445,0.7052833023059287,0.6035276180410084,0.4035276180410084,0.9914448613738104,0.5041927873445926,0.957608836069572,0.894150464240185,0.8394843018957968,0.79669082577037,0.6562175473638159
0.9106723574428047,0.69540790302465,0.5,0.30000000000000004,1.0,0.5904024550837301,0.9493739221438756,0.8894032861426596,0.8531454151312234,0.7258712255425153,0.5263145992312901
0.918696486641393,0.7173359904005002,0.3964723819589917,0.19647238195899167,0.9914448613738104,0.5495608449065381,0.9443105089809118,0.8852714138595217,0.8600639196911093,0.6121078968023608,0.6116555156329985
0.8935624070788879,0.680021850155801,0.3000000000000001,0.10000000000000009,0.9659258262890683,0.6469858742205448,0.9524580448418808,0.9037882646321522,0.8353970034868086,0.7697857407894364,0.6209806851298333
0.8802259127765839,0.7199158183577493,0.21715728752538116,0.01715728752538115,0.9238795325112868,0.6208691135534408,0.9407890633500546,0.8845294829530237,0.8509591815731823,0.7119242920226955,0.5818683435167462
0.90417186132429,0.7128722392857999,0.1535898384862246,-0.046410161513775416,0.8660254037844387,0.6035396635492054,0.9561901632572681,0.8941031010147977,0.8654497040230432,0.6794724780175145,0.6233113178990718
0.9181756033090076,0.7034412796796579,0.11362966948437264,-0.08637033051562737,0.7933533402912352,0.6312218129460874,0.9500432513621101,0.9194463919919948,0.8603630430043113,0.7446419509255316,0.653480411121678
0.8885142772290902,0.7177797170551288,0.09999999999999998,-0.10000000000000003,0.7071067811865476,0.5725630402250447,0.952707272312066,0.9077368880448693,0.8310675072104882,0.7165108278935793,0.636471018957325
0.9039458630407555,0.705088031245037,0.11362966948437259,-0.08637033051562742,0.6087614290087209,0.5493585492152766,0.9548071233893506,0.8973457887270799,0.8679514247244153,0.6102260529135135,0.5790967951148076
0.9128728852143182,0.7082395928086196,0.15358983848622454,-0.04641016151377547,0.49999999999999994,0.5637461907607977,0.9475376478792881,0.901295587836404,0.8355225903102929,0.6309588457153658,0.6291817142544373
0.9177649320434751,0.6904199067071323,0.21715728752538094,0.017157287525380926,0.3826834323650899,0.5211676408440743,0.9434946052511609,0.8835809694883473,0.8678193558131956,0.6708864524808631,0.5580861130086742
0.8848889360606513,0.702707652336057,0.2999999999999998,0.09999999999999981,0.258819045102521,0.662082631558683,0.9415958526222405,0.9054969801424573,0.8474159595059523,0.7025642772633841,0.6377453229657
0.9045845630701683,0.6972204367778564,0.39647238195899137,0.19647238195899136,0.130526192220052,0.6571240601526873,0.9453199613473641,0.9100646444993525,0.855463097337195,0.6439679970566846,0.6205727873989146
0.9103410385812586,0.681027890895524,0.5,0.3,0,0.696823939407775,0.9578756780261569,0.8861872264559647,0.8371855918318759,0.7876993932715622,0.5302285900219913
0.8889322919704142,0.7076000591902076,0.6035276180410083,0.4035276180410083,0.13052619222005157,0.5741436026172191,0.9413183601536171,0.907294305906465,0.8440123573744639,0.7382253173404214,0.5552919893202571
0.8931086949865163,0.6906664886508983,0.7,0.5,0.25881904510252074,0.6435660560535206,0.9402874463970773,0.8902325090215601,0.8417680292305869,0.7418652006166802,0.5755095889140158
0.8976802031453305,0.6853375333094062,0.7828427124746191,0.582842712474619,0.3826834323650898,0.6207787743930732,0.9594892831211724,0.9000363831894841,0.8554751621754606,0.6977322942290921,0.6761335850821231
0.9037032200841888,0.6875738592425786,0.8464101615137755,0.6464101615137754,0.49999999999999994,0.5422682148040924,0.9474112169972974,0.8906204718976845,0.858358657483893,0.7643429727126508,0.5688766602783295
0.9094212193781913,0.6874175411950757,0.8863703305156274,0.6863703305156273,0.6087614290087207,0.527785822172037,0.9536115816343791,0.9011419551345381,0.8479118915226656,0.7583443182173315,0.6179411525192936
0.8948910747105138,0.6812153868786994,0.9,0.7,0.7071067811865476,0.6715542928932179,0.9564005671840109,0.9182541490020604,0.849796655136039,0.6819109501182253,0.5614556120289353
0.9116325041280899,0.6976088599229519,0.8863703305156274,0.6863703305156273,0.7933533402912352,0.6702325853207425,0.955764556134597,0.8878757261549365,0.8612047539518171,0.6497077880619752,0.6963864997230759
0.8946357809438693,0.7072145234765711,0.8464101615137756,0.6464101615137755,0.8660254037844386,0.6902060664783929,0.9489602563216993,0.9005068306063057,0.8689151022691113,0.756766702953693,0.6058066298908149
0.8910181691699015,0.7157973211768569,0.7828427124746191,0.582842712474619,0.9238795325112867,0.5818449490796695,0.9578586690996389,0.914712833260628,0.8635113765387377,0.7866540845714807,0.6567892524047237
0.8897483384108711,0.7198604700409698,0.7,0.5,0.9659258262890683,0.6906703970602606,0.958396469661639,0.881842823973979,0.8322391040316762,0.6477708532574527,0.5265421682458841
0.9152584120446058,0.6990095410240479,0.6035276180410084,0.4035276180410084,0.9914448613738104,0.6324671619519412,0.9578974064856087,0.906727353358104,0.8541802993771883,0.771986456315362,0.5724153046669128
0.9194193390658977,0.6947418738711362,0.5,0.30000000000000004,1.0,0.6515113890710911,0.9468031102422809,0.888977423786322,0.8696442852951487,0.696861434133018,0.5288013335987514
0.8804833359532845,0.6830902299211496,0.3964723819589917,0.19647238195899167,0.9914448613738104,0.6592012697760286,0.9434194051515684,0.8812890206205409,0.8507199900444329,0.7783003792815708,0.5974360372854055
0.8873590687866952,0.6898606026967304,0.3000000000000001,0.10000000000000009,0.9659258262890683,0.6881381562571021,0.9568897655138412,0.8857661508194332,0.8419267448339273,0.7656371406834219,0.6573525261753889
0.8952964788794294,0.7108643324093913,0.21715728752538116,0.01715728752538115,0.9238795325112868,0.6794812049731387,0.9508357514299854,0.8937405195640236,0.8594094411624986,0.6586835543051586,0.6667069708928016
0.8930374265055617,0.7009521628642879,0.1535898384862246,-0.046410161513775416,0.8660254037844387,0.6806352685600594,0.9533020081574453,0.8807970664838687,0.8534712475577171,0.7025390629747984,0.5874420301687545
0.9193150924214883,0.6944583961807657,0.11362966948437264,-0.08637033051562737,0.7933533402912352,0.6222958838614533,0.9502986502686223,0.8812640657460715,0.8658636303914515,0.6531383602471221,0.5681237905589929
0.9148249794225316,0.7167005621515135,0.09999999999999998,-0.10000000000000003,0.7071067811865476,0.5001618736114578,0.9578961697169315,0.9071009727856009,0.8435764916796062,0.7452863331159758,0.6381721512274525
0.8879264736640123,0.7083115807157451,0.11362966948437259,-0.08637033051562742,0.6087614290087209,0.62030952643384,0.9455440256588667,0.9029278955126658,0.8628922724802545,0.678329060974381,0.5538162035106446
0.9008433191536993,0.703983282741077,0.15358983848622454,-0.04641016151377547,0.49999999999999994,0.6565790450706106,0.9540955167608299,0.9104354438156849,0.8679644971613037,0.7910494843695329,0.5993226365496274
0.9022053638652304,0.6878558605308122,0.21715728752538094,0.017157287525380926,0.3826834323650899,0.6983130497727152,0.9405791623956263,0.882937917624944,0.854369798625569,0.7956157441237403,0.5527245057588788
0.9150396991573144,0.712168419753153,0.2999999999999998,0.09999999999999981,0.258819045102521,0.6266520575321497,0.9553615660302693,0.9031506165204307,0.8536032668277974,0.7706363533973046,0.5012462143654668
0.8957281728272819,0.7110023380063486,0.39647238195899137,0.19647238195899136,0.130526192220052,0.6587857662184909,0.9495602693944959,0.9176257515896489,0.8358921503263488,0.7959605361218833,0.555612115478057
0.9062141790628954,0.6901417241270985,0.5,0.3,0,0.6681581780741027,0.951217839285255,0.8921851611247055,0.8358600332327408,0.6363864694418419,0.5948898943596846
0.9079780571591222,0.6824190751131322,0.6035276180410083,0.4035276180410083,0.13052619222005157,0.6278890840916669,0.9445595891796389,0.8860196629818717,0.8539036069038887,0.6914667847135729,0.678673348248789
0.9155984013436523,0.7007817833634375,0.7,0.5,0.25881904510252074,0.5516983909779805,0.9416414553452858,0.8801707315450605,0.8570864266246504,0.6948871778516803,0.5479891318486481
0.9193388712894663,0.7146096239766692,0.7828427124746191,0.582842712474619,0.3826834323650898,0.6604677138206676,0.943714821587122,0.8998632883299998,0.8319647229162267,0.6062621725131591,0.5800882751334762
0.8979555871924353,0.7019401044041573,0.8464101615137755,0.6464101615137754,0.49999999999999994,0.5579772868521032,0.9523874233806556,0.8819982032702246,0.8386608616212844,0.7816109642481548,0.6371137230544393
0.9033653136162357,0.7197684777444189,0.8863703305156274,0.6863703305156273,0.6087614290087207,0.5358275962770329,0.9503679004341273,0.8903714282072819,0.855127633980203,0.7948639189087165,0.5108687837454742
0.9144258413285877,0.6860271793159721,0.9,0.7,0.7071067811865476,0.6311737465731939,0.9577939498718053,0.8976316833685045,0.8590928018301704,0.6229401257626683,0.6511026733388692
0.8819073013105171,0.7143418164213271,0.8863703305156274,0.6863703305156273,0.7933533402912352,0.6312661069247685,0.9428439145569565,0.9097882656427294,0.8580528026143115,0.609416242011473,0.6256603393014194
0.8928014069518001,0.7065660549327739,0.8464101615137756,0.6464101615137755,0.8660254037844386,0.6521771886775419,0.9576001138943077,0.9075168236201355,0.8491216981411889,0.7841181441880856,0.6432512748531325
0.8896157355284814,0.6965603785389902,0.7828427124746191,0.582842712474619,0.9238795325112867,0.6759358054470362,0.9567863492535197,0.8934878647362882,0.8439024113348399,0.7402338113725111,0.5492958546000517
0.9030563623581549,0.6974302860060692,0.7,0.5,0.9659258262890683,0.5379303264539129,0.9414799193997242,0.8959271779857694,0.8688516879723772,0.7896326349026511,0.505555565498802
0.9127547908255648,0.7007874438396343,0.6035276180410084,0.4035276180410084,0.9914448613738104,0.6263930669250151,0.9461650922488111,0.9108548698186488,0.8605072069451203,0.7398282628420254,0.5186823212774563
0.9064938693926095,0.7183827401033327,0.5,0.30000000000000004,1.0,0.6340369308219198,0.9537123488091029,0.9078335670019614,0.8605843441314774,0.7919792641389829,0.6724575865281038
0.8951157713459986,0.7007225064171024,0.3964723819589917,0.19647238195899167,0.9914448613738104,0.6959355716327225,0.9420249387775922,0.8971072831981642,0.8433410070348388,0.6447362474515258,0.5647169086434758
0.9096022779549288,0.6819354798511287,0.3000000000000001,0.10000000000000009,0.9659258262890683,0.5469914116498229,0.9461532330532649,0.9086099699904456,0.8610071119686683,0.761020201762618,0.5288704365054637
0.8809958116776815,0.6866902523879166,0.21715728752538116,0.01715728752538115,0.9238795325112868,0.569926449339392,0.9509946671952498,0.8938289445532732,0.8545430283179898,0.7181541209530631,0.6016619496835417
0.909013815725587,0.691248469343994,0.1535898384862246,-0.046410161513775416,0.8660254037844387,0.6411954951008315,0.9414278365527343,0.8948082807539064,0.8687238596235652,0.6736600145244036,0.5555044385354516
0.9151027317927783,0.6874966696478123,0.11362966948437264,-0.08637033051562737,0.7933533402912352,0.5991579611764868,0.948661786323412,0.8866429311554326,0.8549796655062157,0.7270717456298101,0.6571570089011303
0.8958917279178424,0.7057182122185254,0.09999999999999998,-0.10000000000000003,0.7071067811865476,0.5066720874576292,0.9574378436774731,0.9118924365828257,0.839765739289024,0.6672227821564378,0.5376452395925488
0.919720342176547,0.7080184624912752,0.11362966948437259,-0.08637033051562742,0.6087614290087209,0.549652737716679,0.9438251143158728,0.8864186502582281,0.845534562561948,0.6220033983169586,0.6541691801487528
0.8996385035044477,0.6912941387098476,0.15358983848622454,-0.04641016151377547,0.49999999999999994,0.5015968784209478,0.9469113391717968,0.917150459024087,0.8369446854720909,0.6772286668359581,0.5560481763485279
0.9027207528715316,0.6808238083738275,0.21715728752538094,0.017157287525380926,0.3826834323650899,0.5652527249414507,0.9440751246251898,0.8942256237227318,0.8302111469200243,0.6620761277011785,0.5645557788653947
0.9114888340196065,0.6804690455191035,0.2999999999999998,0.09999999999999981,0.258819045102521,0.5581466509710675,0.9408028539016868,0.9170297863559354,0.8465280533664428,0.6341575180619623,0.662552856384157
0.894324800073389,0.6804808177019797,0.39647238195899137,0.19647238195899136,0.130526192220052,0.6487268033348945,0.9402390351080526,0.9119420002255986,0.8620318883368413,0.6966783364876186,0.6223824843155857
0.9075863740989418,0.7054631329395823,0.5,0.3,0,0.6041650492230345,0.9573684766961208,0.8957893761444145,0.8384922005137212,0.6530559049052476,0.6545783820174172
0.916065869523732,0.6873251184246056,0.6035276180410083,0.4035276180410083,0.13052619222005157,0.6027396988463096,0.9409463154901342,0.90225950103927,0.8304358474779133,0.7425324500472934,0.5483132055309192
0.8961357846530348,0.7086003192117831,0.7,0.5,0.25881904510252074,0.5819559778796928,0.956420467083548,0.8859086903102806,0.8571943781198318,0.6074636204393707,0.6700977148356455
0.8902034436826819,0.7124806668239506,0.7828427124746191,0.582842712474619,0.3826834323650898,0.558087935743898,0.9472377853204514,0.907928078996672,0.8576453059526405,0.7544855561323767,0.5649610571691642
0.9177967526345993,0.6995083258806362,0.8464101615137755,0.6464101615137754,0.49999999999999994,0.5945391964798383,0.9540799472242687,0.8837551993469708,0.869625847927646,0.6800073156602864,0.6300298500644488
0.9181652807001425,0.6959483086421143,0.8863703305156274,0.6863703305156273,0.6087614290087207,0.5057173036268305,0.9418397213641345,0.9031504223777838,0.8426950600212836,0.7421434703071306,0.5350184953186132
0.908010839215661,0.7087813475499953,0.9,0.7,0.7071067811865476,0.688257579926668,0.9445769287522303,0.9189516470757668,0.8419995355493664,0.6445337368127867,0.6593015855099527
0.8808501469396662,0.6836185794506837,0.8863703305156274,0.6863703305156273,0.7933533402912352,0.5007964385014105,0.9401463274412536,0.9045133370679325,0.8473056924536814,0.7515786595335041,0.5964559160033769
0.9186459780353504,0.7110898573582077,0.8464101615137756,0.6464101615137755,0.8660254037844386,0.6567907196653355,0.9417726512388662,0.9082941429150089,0.8615160698997454,0.6311123978489114,0.5247620333022257
0.9123304613524139,0.7015344724076636,0.7828427124746191,0.582842712474619,0.9238795325112867,0.5720387891082325,0.9503195316248201,0.8911590037111131,0.8661241320398722,0.7551511335054562,0.6332551704789176
0.9000384966461786,0.6946261969508053,0.7,0.5,0.9659258262890683,0.5356733953631421,0.9462742022632028,0.9147355621342933,0.8409030650748645,0.7179995812253487,0.539679707826523
0.9078385810906698,0.7174868568449712,0.6035276180410084,0.4035276180410084,0.9914448613738104,0.649512389145451,0.9559136896086925,0.9145545251716103,0.83672509795521,0.734060913729589,0.5708102618032418
0.9191953078612597,0.6954751596995469,0.5,0.30000000000000004,1.0,0.648413947398915,0.949954448468164,0.9157915087565459,0.8435406489309848,0.7865108873032596,0.6266758835265213
0.8967659103923865,0.7023741342812552,0.3964723819589917,0.19647238195899167,0.9914448613738104,0.6780938252875374,0.940688878921115,0.897250539050016,0.8470548840754436,0.611668171214773,0.5932028503202446
0.9096254051501761,0.6961522464337784,0.3000000000000001,0.10000000000000009,0.9659258262890683,0.6566185308794175,0.9424637882517608,0.9133395806581599,0.8596054561402008,0.6993929002972644,0.5992888859286992
0.9134042877038946,0.7184815644231074,0.21715728752538116,0.01715728752538115,0.9238795325112868,0.606490339379835,0.9522059532734746,0.8949255810558819,0.868970977486562,0.6597126386295481,0.5691477611353604
0.8883907110649311,0.6899890442473787,0.1535898384862246,-0.046410161513775416,0.8660254037844387,0.5255732891131342,0.9588883881567346,0.8859172950268605,0.8688858201694923,0.7631093291826773,0.6367598337246763
0.8975112903469084,0.7062971694234501,0.11362966948437264,-0.08637033051562737,0.7933533402912352,0.6813606579639867,0.9540688559072091,0.881201847417936,0.8331887197665935,0.7206796434715506,0.6178547326154252
0.8995115920748701,0.702780163283665,0.09999999999999998,-0.10000000000000003,0.7071067811865476,0.5544315766963507,0.9570299801740647,0.9124697048940205,0.8569194644768858,0.7483016010834065,0.5633891424263676
0.8928764381060342,0.6909133826431122,0.11362966948437259,-0.08637033051562742,0.6087614290087209,0.6764557005988708,0.9433237793755459,0.9032612942686542,0.8332260850832447,0.6702733485830488,0.6173234728072697
0.887922976810601,0.6808724969851728,0.15358983848622454,-0.04641016151377547,0.49999999999999994,0.6937929453504936,0.948227443791521,0.9059490043711242,0.8342303146770407,0.7718910475943013,0.6044777606350372
0.8979273502251043,0.7120653513948436,0.21715728752538094,0.017157287525380926,0.3826834323650899,0.6224852513469564,0.9579066706492058,0.9064629692499732,0.8574618638667441,0.7602817010371754,0.547044404606156
0.9028485202183384,0.7175605139499838,0.2999999999999998,0.09999999999999981,0.258819045102521,0.5377442030730362,0.9490918994944643,0.9078917525151858,0.8659306625771958,0.6563789985466084,0.629530342822605
0.8823304674138646,0.6949210234487061,0.39647238195899137,0.19647238195899136,0.130526192220052,0.5031161463543703,0.9475465098140395,0.9103909799965993,0.8620811709027141,0.7351437689980929,0.6919274502588173
0.8861738317866535,0.7116169307801571,0.5,0.3,0,0.6373208127878925,0.9578947854191372,0.8882996245868535,0.8641783798603511,0.6351901830875858,0.6993410965739625
0.8986062616643707,0.7059544605693182,0.6035276180410083,0.4035276180410083,0.13052619222005157,0.5167836206601337,0.9458369498206555,0.9131539124541989,0.8544791579308054,0.6139731454848634,0.512288217640142
0.9018397151793702,0.7129004758089005,0.7,0.5,0.25881904510252074,0.6057553426208236,0.9526780837221454,0.9195128014777637,0.86812801503807,0.7445843933609969,0.5294646311789615
0.9085620841433439,0.6931717197456562,0.7828427124746191,0.582842712474619,0.3826834323650898,0.6815477996609397,0.957628816390384,0.9155312024567023,0.864344549141442,0.6571320192812943,0.5665681932649561
0.9043888892883419,0.6864249730542853,0.8464101615137755,0.6464101615137754,0.49999999999999994,0.5842514826183627,0.9418021660827178,0.9156143495684385,0.8661224792052539,0.7542021043366385,0.6375770614483804
0.8921723402633834,0.6936150851463426,0.8863703305156274,0.6863703305156273,0.6087614290087207,0.6789679480531854,0.9560227234456942,0.9097966763460756,0.8549714425830522,0.7058714768880505,0.5455383317916476
0.9175124935235861,0.6826112177807602,0.9,0.7,0.7071067811865476,0.5129371683560044,0.9473133009714486,0.8874454560693142,0.8440952186197535,0.7081613835537686,0.5237550683865206
0.8896176238101048,0.7132943287980352,0.8863703305156274,0.6863703305156273,0.7933533402912352,0.6345701165678105,0.9455610775574937,0.9004575966745348,0.8683539192571447,0.6293058075434044,0.6508448084149112
0.9143541128207839,0.7068490708176535,0.8464101615137756,0.6464101615137755,0.8660254037844386,0.5882182361174348,0.9425969296328923,0.9040380794157488,0.8523596237866661,0.7118296358732326,0.5066817836514698
0.8917552643918876,0.6903906525155077,0.7828427124746191,0.582842712474619,0.9238795325112867,0.6772217842700121,0.9484271895940866,0.9053938418045326,0.8585296463561175,0.6438309789538055,0.5268346379376891
0.9044555703228357,0.7047295172507312,0.7,0.5,0.9659258262890683,0.5557471585149848,0.9463752364598316,0.9056390921777704,0.8411266320182789,0.796298251108547,0.5305270964758744
0.8901373908057099,0.7006917726805594,0.6035276180410084,0.4035276180410084,0.9914448613738104,0.5642549662602241,0.9412767657830848,0.8944265200082475,0.8385800820795678,0.6872485776603067,0.5862221081900078
0.9107894090926284,0.7007333982687293,0.5,0.30000000000000004,1.0,0.643111144541481,0.9538549023025648,0.8962773496356664,0.8436051607297869,0.6198849102499606,0.6994253609235748
0.8937642525480765,0.7150555381580319,0.3964723819589917,0.19647238195899167,0.9914448613738104,0.6830317908370487,0.9564985497645977,0.898187554195268,0.8584060252478779,0.6425217214101862,0.615630570280127
0.9181178108193355,0.6825132458464706,0.3000000000000001,0.10000000000000009,0.9659258262890683,0.6304297030140609,0.9439344263351586,0.9031030138825875,0.8419300403278861,0.641336701414524,0.5908426612593186
0.8959394155547084,0.7193400612594218,0.21715728752538116,0.01715728752538115,0.9238795325112868,0.6947016832956878,0.9433460488454819,0.9126585581395298,0.8423472865212219,0.6723688809517908,0.6666078956345195
0.8844320383148963,0.7037615357391265,0.1535898384862246,-0.046410161513775416,0.8660254037844387,0.6105259191723724,0.9522331343482029,0.9008719493183714,0.8315096691238808,0.7260698257227801,0.5848739938466824
0.9042777142896999,0.7068650924097214,0.11362966948437264,-0.08637033051562737,0.7933533402912352,0.5736531185849614,0.9571799346761234,0.8961162015797796,0.8382300406594004,0.6480610978842257,0.535105222338703
0.9198247475105644,0.7100191782579929,0.09999999999999998,-0.10000000000000003,0.7071067811865476,0.5319917819818939,0.9478929494545265,0.8823717752547783,0.8390231137201389,0.673051819647337,0.5252845372690731
0.8872359217807306,0.719756102857484,0.11362966948437259,-0.08637033051562742,0.6087614290087209,0.6066999177190429,0.9562639042177322,0.8817309956507681,0.8598592189058144,0.7243115493857731,0.6597738780307607
0.89387443806014,0.713118517497199,0.15358983848622454,-0.04641016151377547,0.49999999999999994,0.5616668912407865,0.959999181702613,0.9177643206778705,0.8588032750625219,0.6362890077203149,0.56595296241152
0.9096317002630039,0.6855477158912578,0.21715728752538094,0.017157287525380926,0.3826834323650899,0.6331151705575894,0.955336218092171,0.9068079494148029,0.8566234324813321,0.6925266126530107,0.5796853193465137
0.9020290321264671,0.6862208561243529,0.2999999999999998,0.09999999999999981,0.258819045102521,0.5364417065594258,0.9495500226302509,0.8849861686050571,0.8394490181320765,0.6722463345294908,0.5187357003744678
0.8804965316427743,0.6909908937514398,0.39647238195899137,0.19647238195899136,0.130526192220052,0.544760537157284,0.9475614175540243,0.8868051023292688,0.83621794975854,0.615471470821713,0.6810441520883183
0.8957686835971944,0.6939521485441447,0.5,0.3,0,0.6708925015236564,0.9512868081588673,0.8953397255053354,0.853581236219189,0.6823248516032157,0.6440290832935152
