hour,fixed_demand,flexible_demand
1,8000,4000
2,8001,4001
3,8002,4002
4,8003,4003
5,8004,4004
6,8005,4005
7,8006,4006
8,8007,4007
9,8008,4008
10,8009,4009
11,8010,4010
12,8011,4011
13,8012,4012
14,8013,4013
15,8014,4014
16,8015,4015
17,8016,4016
18,8017,4017
19,8018,4018
20,8019,4019
21,8020,4020
22,8021,4021
23,8022,4022
24,8023,4023
25,8024,4024
26,8025,4025
27,8026,4026
28,8027,4027
29,8028,4028
30,8029,4029
31,8030,4030
32,8031,4031
33,8032,4032
34,8033,4033
35,8034,4034
36,8035,4035
37,8036,4036
38,8037,4037
39,8038,4038
40,8039,4039
41,8040,4040
42,8041,4041
43,8042,4042
44,8043,4043
45,8044,4044
46,8045,4045
47,8046,4046
48,8047,4047
49,8048,4048
50,8049,4049
51,8050,4050
52,8051,4051
53,8052,4052
54,8053,4053
55,8054,4054
56,8055,4055
57,8056,4056
58,8057,4057
59,8058,4058
60,8059,4059
61,8060,4060
62,8061,4061
63,8062,4062
64,8063,4063
65,8064,4064
66,8065,4065
67,8066,4066
68,8067,4067
69,8068,4068
70,8069,4069
71,8070,4070
72,8071,4071
73,8072,4072
74,8073,4073
75,8074,4074
76,8075,4075
77,8076,4076
78,8077,4077
79,8078,4078
80,8079,4079
81,8080,4080
82,8081,4081
83,8082,4082
84,8083,4083
85,8084,4084
86,8085,4085
87,8086,4086
88,8087,4087
89,8088,4088
90,8089,4089
91,8090,4090
92,8091,4091
93,8092,4092
94,8093,4093
95,8094,4094
96,8095,4095
97,8096,4096
98,8097,4097
99,8098,4098
100,8099,4099
101,8100,4100
102,8101,4101
103,8102,4102
104,8103,4103
105,8104,4104
106,8105,4105
107,8106,4106
108,8107,4107
109,8108,4108
110,8109,4109
111,8110,4110
112,8111,4111
113,8112,4112
114,8113,4113
115,8114,4114
116,8115,4115
117,8116,4116
118,8117,4117
119,8118,4118
120,8119,4119
121,8120,4120
122,8121,4121
123,8122,4122
124,8123,4123
125,8124,4124
126,8125,4125
127,8126,4126
128,8127,4127
129,8128,4128
130,8129,4129
131,8130,4130
132,8131,4131
133,8132,4132
134,8133,4133
135,8134,4134
136,8135,4135
137,8136,4136
138,8137,4137
139,8138,4138
140,8139,4139
141,8140,4140
142,8141,4141
143,8142,4142
144,8143,4143
145,8144,4144
146,8145,4145
147,8146,4146
148,8147,4147
149,8148,4148
150,8149,4149
151,8150,4150
152,8151,4151
153,8152,4152
154,8153,4153
155,8154,4154
156,8155,4155
157,8156,4156
158,8157,4157
159,8158,4158
160,8159,4159
161,8160,4160
162,8161,4161
163,8162,4162
164,8163,4163
165,8164,4164
166,8165,4165
167,8166,4166
168,8167,4167
169,8168,4168
170,8169,4169
171,8170,4170
172,8171,4171
173,8172,4172
174,8173,4173
175,8174,4174
176,8175,4175
177,8176,4176
178,8177,4177
179,8178,4178
180,8179,4179
181,8180,4180
182,8181,4181
183,8182,4182
184,8183,4183
185,8184,4184
186,8185,4185
187,8186,4186
188,8187,4187
189,8188,4188
190,8189,4189
191,8190,4190
192,8191,4191
193,8192,4192
194,8193,4193
195,8194,4194
196,8195,4195
197,8196,4196
198,8197,4197
199,8198,4198
200,8199,4199
201,8200,4200
202,8201,4201
203,8202,4202
204,8203,4203
205,8204,4204
206,8205,4205
207,8206,4206
208,8207,4207
209,8208,4208
210,8209,4209
211,8210,4210
212,8211,4211
213,8212,4212
214,8213,4213
215,8214,4214
216,8215,4215
217,8216,4216
218,8217,4217
219,8218,4218
220,8219,4219
221,8220,4220
222,8221,4221
223,8222,4222
224,8223,4223
225,8224,4224
226,8225,4225
227,8226,4226
228,8227,4227
229,8228,4228
230,8229,4229
231,8230,4230
232,8231,4231
233,8232,4232
234,8233,4233
235,8234,4234
236,8235,4235
237,8236,4236
238,8237,4237
239,8238,4238
240,8239,4239
