hours;Biomasse;Wasserkraft;Wind Offshore;Wind Onshore;Photovoltaik;Sonstige Erneuerbare;Braunkohle;Steinkohle;Erdgas;Pumpspeicher;Sonstige Konventionelle
1;8.577,00;5.112,00;8.456,00;59.841,00;76.601,00;410;18.363,00;12.966,00;36.255,00;9.449,00;8.813,00
2;8.577,00;5.112,00;8.456,00;59.841,00;76.601,00;410;18.363,00;12.966,00;36.255,00;9.449,00;8.813,00
3;8.577,00;5.112,00;8.456,00;59.841,00;76.601,00;410;18.363,00;12.966,00;36.255,00;9.449,00;8.813,00
4;8.577,00;5.112,00;8.456,00;59.841,00;76.601,00;410;18.363,00;12.966,00;36.255,00;9.449,00;8.813,00
5;8.577,00;5.112,00;8.456,00;59.841,00;76.601,00;410;18.363,00;12.966,00;36.255,00;9.449,00;8.813,00
6;8.577,00;5.112,00;8.456,00;59.841,00;76.601,00;410;18.363,00;12.966,00;36.255,00;9.449,00;8.813,00
7;8.577,00;5.112,00;8.456,00;59.841,00;76.601,00;410;18.363,00;12.966,00;36.255,00;9.449,00;8.813,00
8;8.577,00;5.112,00;8.456,00;59.841,00;76.601,00;410;18.363,00;12.966,00;36.255,00;9.449,00;8.813,00
9;8.577,00;5.112,00;8.456,00;59.841,00;76.601,00;410;18.363,00;12.966,00;36.255,00;9.449,00;8.813,00
10;8.577,00;5.112,00;8.456,00;59.841,00;76.601,00;410;18.363,00;12.966,00;36.255,00;9.449,00;8.813,00
11;8.577,00;5.112,00;8.456,00;59.841,00;76.601,00;410;18.363,00;12.966,00;36.255,00;9.449,00;8.813,00
12;8.577,00;5.112,00;8.456,00;59.841,00;76.601,00;410;18.363,00;12.966,00;36.255,00;9.449,00;8.813,00
13;8.577,00;5.112,00;8.456,00;59.841,00;76.601,00;410;18.363,00;12.966,00;36.255,00;9.449,00;8.813,00
14;8.577,00;5.112,00;8.456,00;59.841,00;76.601,00;410;18.363,00;12.966,00;36.255,00;9.449,00;8.813,00
15;8.577,00;5.112,00;8.456,00;59.841,00;76.601,00;410;18.363,00;12.966,00;36.255,00;9.449,00;8.813,00
16;8.577,00;5.112,00;8.456,00;59.841,00;76.601,00;410;18.363,00;12.966,00;36.255,00;9.449,00;8.813,00
17;8.577,00;5.112,00;8.456,00;59.841,00;76.601,00;410;18.363,00;12.966,00;36.255,00;9.449,00;8.813,00
18;8.577,00;5.112,00;8.456,00;59.841,00;76.601,00;410;18.363,00;12.966,00;36.255,00;9.449,00;8.813,00
19;8.577,00;5.112,00;8.456,00;59.841,00;76.601,00;410;18.363,00;12.966,00;36.255,00;9.449,00;8.813,00
20;8.577,00;5.112,00;8.456,00;59.841,00;76.601,00;410;18.363,00;12.966,00;36.255,00;9.449,00;8.813,00
21;8.577,00;5.112,00;8.456,00;59.841,00;76.601,00;410;18.363,00;12.966,00;36.255,00;9.449,00;8.813,00
22;8.577,00;5.112,00;8.456,00;59.841,00;76.601,00;410;18.363,00;12.966,00;36.255,00;9.449,00;8.813,00
23;8.577,00;5.112,00;8.456,00;59.841,00;76.601,00;410;18.363,00;12.966,00;36.255,00;9.449,00;8.813,00
24;8.577,00;5.112,00;8.456,00;59.841,00;76.601,00;410;18.363,00;12.966,00;36.255,00;9.449,00;8.813,00
25;8.577,00;5.112,00;8.456,00;59.841,00;76.601,00;410;18.363,00;12.966,00;36.255,00;9.449,00;8.813,00
26;8.577,00;5.112,00;8.456,00;59.841,00;76.601,00;410;18.363,00;12.966,00;36.255,00;9.449,00;8.813,00
27;8.577,00;5.112,00;8.456,00;59.841,00;76.601,00;410;18.363,00;12.966,00;36.255,00;9.449,00;8.813,00
28;8.577,00;5.112,00;8.456,00;59.841,00;76.601,00;410;18.363,00;12.966,00;36.255,00;9.449,00;8.813,00
29;8.577,00;5.112,00;8.456,00;59.841,00;76.601,00;410;18.363,00;12.966,00;36.255,00;9.449,00;8.813,00
30;8.577,00;5.112,00;8.456,00;59.841,00;76.601,00;410;18.363,00;12.966,00;36.255,00;9.449,00;8.813,00
31;8.577,00;5.112,00;8.456,00;59.841,00;76.601,00;410;18.363,00;12.966,00;36.255,00;9.449,00;8.813,00
32;8.577,00;5.112,00;8.456,00;59.841,00;76.601,00;410;18.363,00;12.966,00;36.255,00;9.449,00;8.813,00
33;8.577,00;5.112,00;8.456,00;59.841,00;76.601,00;410;18.363,00;12.966,00;36.255,00;9.449,00;8.813,00
34;8.577,00;5.112,00;8.456,00;59.841,00;76.601,00;410;18.363,00;12.966,00;36.255,00;9.449,00;8.813,00
35;8.577,00;5.112,00;8.456,00;59.841,00;76.601,00;410;18.363,00;12.966,00;36.255,00;9.449,00;8.813,00
36;8.577,00;5.112,00;8.456,00;59.841,00;76.601,00;410;18.363,00;12.966,00;36.255,00;9.449,00;8.813,00
37;8.577,00;5.112,00;8.456,00;59.841,00;76.601,00;410;18.363,00;12.966,00;36.255,00;9.449,00;8.813,00
38;8.577,00;5.112,00;8.456,00;59.841,00;76.601,00;410;18.363,00;12.966,00;36.255,00;9.449,00;8.813,00
39;8.577,00;5.112,00;8.456,00;59.841,00;76.601,00;410;18.363,00;12.966,00;36.255,00;9.449,00;8.813,00
40;8.577,00;5.112,00;8.456,00;59.841,00;76.601,00;410;18.363,00;12.966,00;36.255,00;9.449,00;8.813,00
41;8.577,00;5.112,00;8.456,00;59.841,00;76.601,00;410;18.363,00;12.966,00;36.255,00;9.449,00;8.813,00
42;8.577,00;5.112,00;8.456,00;59.841,00;76.601,00;410;18.363,00;12.966,00;36.255,00;9.449,00;8.813,00
43;8.577,00;5.112,00;8.456,00;59.841,00;76.601,00;410;18.363,00;12.966,00;36.255,00;9.449,00;8.813,00
44;8.577,00;5.112,00;8.456,00;59.841,00;76.601,00;410;18.363,00;12.966,00;36.255,00;9.449,00;8.813,00
45;8.577,00;5.112,00;8.456,00;59.841,00;76.601,00;410;18.363,00;12.966,00;36.255,00;9.449,00;8.813,00
46;8.577,00;5.112,00;8.456,00;59.841,00;76.601,00;410;18.363,00;12.966,00;36.255,00;9.449,00;8.813,00
47;8.577,00;5.112,00;8.456,00;59.841,00;76.601,00;410;18.363,00;12.966,00;36.255,00;9.449,00;8.813,00
48;8.577,00;5.112,00;8.456,00;59.841,00;76.601,00;410;18.363,00;12.966,00;36.255,00;9.449,00;8.813,00
49;8.577,00;5.112,00;8.456,00;59.841,00;76.601,00;410;18.363,00;12.966,00;36.255,00;9.449,00;8.813,00
50;8.577,00;5.112,00;8.456,00;59.841,00;76.601,00;410;18.363,00;12.966,00;36.255,00;9.449,00;8.813,00
51;8.577,00;5.112,00;8.456,00;59.841,00;76.601,00;410;18.363,00;12.966,00;36.255,00;9.449,00;8.813,00
52;8.577,00;5.112,00;8.456,00;59.841,00;76.601,00;410;18.363,00;12.966,00;36.255,00;9.449,00;8.813,00
53;8.577,00;5.112,00;8.456,00;59.841,00;76.601,00;410;18.363,00;12.966,00;36.255,00;9.449,00;8.813,00
54;8.577,00;5.112,00;8.456,00;59.841,00;76.601,00;410;18.363,00;12.966,00;36.255,00;9.449,00;8.813,00
55;8.577,00;5.112,00;8.456,00;59.841,00;76.601,00;410;18.363,00;12.966,00;36.255,00;9.449,00;8.813,00
56;8.577,00;5.112,00;8.456,00;59.841,00;76.601,00;410;18.363,00;12.966,00;36.255,00;9.449,00;8.813,00
57;8.577,00;5.112,00;8.456,00;59.841,00;76.601,00;410;18.363,00;12.966,00;36.255,00;9.449,00;8.813,00
58;8.577,00;5.112,00;8.456,00;59.841,00;76.601,00;410;18.363,00;12.966,00;36.255,00;9.449,00;8.813,00
59;8.577,00;5.112,00;8.456,00;59.841,00;76.601,00;410;18.363,00;12.966,00;36.255,00;9.449,00;8.813,00
60;8.577,00;5.112,00;8.456,00;59.841,00;76.601,00;410;18.363,00;12.966,00;36.255,00;9.449,00;8.813,00
61;8.577,00;5.112,00;8.456,00;59.841,00;76.601,00;410;18.363,00;12.966,00;36.255,00;9.449,00;8.813,00
62;8.577,00;5.112,00;8.456,00;59.841,00;76.601,00;410;18.363,00;12.966,00;36.255,00;9.449,00;8.813,00
63;8.577,00;5.112,00;8.456,00;59.841,00;76.601,00;410;18.363,00;12.966,00;36.255,00;9.449,00;8.813,00
64;8.577,00;5.112,00;8.456,00;59.841,00;76.601,00;410;18.363,00;12.966,00;36.255,00;9.449,00;8.813,00
65;8.577,00;5.112,00;8.456,00;59.841,00;76.601,00;410;18.363,00;12.966,00;36.255,00;9.449,00;8.813,00
66;8.577,00;5.112,00;8.456,00;59.841,00;76.601,00;410;18.363,00;12.966,00;36.255,00;9.449,00;8.813,00
67;8.577,00;5.112,00;8.456,00;59.841,00;76.601,00;410;18.363,00;12.966,00;36.255,00;9.449,00;8.813,00
68;8.577,00;5.112,00;8.456,00;59.841,00;76.601,00;410;18.363,00;12.966,00;36.255,00;9.449,00;8.813,00
69;8.577,00;5.112,00;8.456,00;59.841,00;76.601,00;410;18.363,00;12.966,00;36.255,00;9.449,00;8.813,00
70;8.577,00;5.112,00;8.456,00;59.841,00;76.601,00;410;18.363,00;12.966,00;36.255,00;9.449,00;8.813,00
71;8.577,00;5.112,00;8.456,00;59.841,00;76.601,00;410;18.363,00;12.966,00;36.255,00;9.449,00;8.813,00
72;8.577,00;5.112,00;8.456,00;59.841,00;76.601,00;410;18.363,00;12.966,00;36.255,00;9.449,00;8.813,00
73;8.577,00;5.112,00;8.456,00;59.841,00;76.601,00;410;18.363,00;12.966,00;36.255,00;9.449,00;8.813,00
74;8.577,00;5.112,00;8.456,00;59.841,00;76.601,00;410;18.363,00;12.966,00;36.255,00;9.449,00;8.813,00
75;8.577,00;5.112,00;8.456,00;59.841,00;76.601,00;410;18.363,00;12.966,00;36.255,00;9.449,00;8.813,00
76;8.577,00;5.112,00;8.456,00;59.841,00;76.601,00;410;18.363,00;12.966,00;36.255,00;9.449,00;8.813,00
77;8.577,00;5.112,00;8.456,00;59.841,00;76.601,00;410;18.363,00;12.966,00;36.255,00;9.449,00;8.813,00
78;8.577,00;5.112,00;8.456,00;59.841,00;76.601,00;410;18.363,00;12.966,00;36.255,00;9.449,00;8.813,00
79;8.577,00;5.112,00;8.456,00;59.841,00;76.601,00;410;18.363,00;12.966,00;36.255,00;9.449,00;8.813,00
80;8.577,00;5.112,00;8.456,00;59.841,00;76.601,00;410;18.363,00;12.966,00;36.255,00;9.449,00;8.813,00
81;8.577,00;5.112,00;8.456,00;59.841,00;76.601,00;410;18.363,00;12.966,00;36.255,00;9.449,00;8.813,00
82;8.577,00;5.112,00;8.456,00;59.841,00;76.601,00;410;18.363,00;12.966,00;36.255,00;9.449,00;8.813,00
83;8.577,00;5.112,00;8.456,00;59.841,00;76.601,00;410;18.363,00;12.966,00;36.255,00;9.449,00;8.813,00
84;8.577,00;5.112,00;8.456,00;59.841,00;76.601,00;410;18.363,00;12.966,00;36.255,00;9.449,00;8.813,00
85;8.577,00;5.112,00;8.456,00;59.841,00;76.601,00;410;18.363,00;12.966,00;36.255,00;9.449,00;8.813,00
86;8.577,00;5.112,00;8.456,00;59.841,00;76.601,00;410;18.363,00;12.966,00;36.255,00;9.449,00;8.813,00
87;8.577,00;5.112,00;8.456,00;59.841,00;76.601,00;410;18.363,00;12.966,00;36.255,00;9.449,00;8.813,00
88;8.577,00;5.112,00;8.456,00;59.841,00;76.601,00;410;18.363,00;12.966,00;36.255,00;9.449,00;8.813,00
89;8.577,00;5.112,00;8.456,00;59.841,00;76.601,00;410;18.363,00;12.966,00;36.255,00;9.449,00;8.813,00
90;8.577,00;5.112,00;8.456,00;59.841,00;76.601,00;410;18.363,00;12.966,00;36.255,00;9.449,00;8.813,00
91;8.577,00;5.112,00;8.456,00;59.841,00;76.601,00;410;18.363,00;12.966,00;36.255,00;9.449,00;8.813,00
92;8.577,00;5.112,00;8.456,00;59.841,00;76.601,00;410;18.363,00;12.966,00;36.255,00;9.449,00;8.813,00
93;8.577,00;5.112,00;8.456,00;59.841,00;76.601,00;410;18.363,00;12.966,00;36.255,00;9.449,00;8.813,00
94;8.577,00;5.112,00;8.456,00;59.841,00;76.601,00;410;18.363,00;12.966,00;36.255,00;9.449,00;8.813,00
95;8.577,00;5.112,00;8.456,00;59.841,00;76.601,00;410;18.363,00;12.966,00;36.255,00;9.449,00;8.813,00
96;8.577,00;5.112,00;8.456,00;59.841,00;76.601,00;410;18.363,00;12.966,00;36.255,00;9.449,00;8.813,00
97;8.577,00;5.112,00;8.456,00;59.841,00;76.601,00;410;18.363,00;12.966,00;36.255,00;9.449,00;8.813,00
98;8.577,00;5.112,00;8.456,00;59.841,00;76.601,00;410;18.363,00;12.966,00;36.255,00;9.449,00;8.813,00
99;8.577,00;5.112,00;8.456,00;59.841,00;76.601,00;410;18.363,00;12.966,00;36.255,00;9.449,00;8.813,00
100;8.577,00;5.112,00;8.456,00;59.841,00;76.601,00;410;18.363,00;12.966,00;36.255,00;9.449,00;8.813,00
101;8.577,00;5.112,00;8.456,00;59.841,00;76.601,00;410;18.363,00;12.966,00;36.255,00;9.449,00;8.813,00
102;8.577,00;5.112,00;8.456,00;59.841,00;76.601,00;410;18.363,00;12.966,00;36.255,00;9.449,00;8.813,00
103;8.577,00;5.112,00;8.456,00;59.841,00;76.601,00;410;18.363,00;12.966,00;36.255,00;9.449,00;8.813,00
104;8.577,00;5.112,00;8.456,00;59.841,00;76.601,00;410;18.363,00;12.966,00;36.255,00;9.449,00;8.813,00
105;8.577,00;5.112,00;8.456,00;59.841,00;76.601,00;410;18.363,00;12.966,00;36.255,00;9.449,00;8.813,00
106;8.577,00;5.112,00;8.456,00;59.841,00;76.601,00;410;18.363,00;12.966,00;36.255,00;9.449,00;8.813,00
107;8.577,00;5.112,00;8.456,00;59.841,00;76.601,00;410;18.363,00;12.966,00;36.255,00;9.449,00;8.813,00
108;8.577,00;5.112,00;8.456,00;59.841,00;76.601,00;410;18.363,00;12.966,00;36.255,00;9.449,00;8.813,00
109;8.577,00;5.112,00;8.456,00;59.841,00;76.601,00;410;18.363,00;12.966,00;36.255,00;9.449,00;8.813,00
110;8.577,00;5.112,00;8.456,00;59.841,00;76.601,00;410;18.363,00;12.966,00;36.255,00;9.449,00;8.813,00
111;8.577,00;5.112,00;8.456,00;59.841,00;76.601,00;410;18.363,00;12.966,00;36.255,00;9.449,00;8.813,00
112;8.577,00;5.112,00;8.456,00;59.841,00;76.601,00;410;18.363,00;12.966,00;36.255,00;9.449,00;8.813,00
113;8.577,00;5.112,00;8.456,00;59.841,00;76.601,00;410;18.363,00;12.966,00;36.255,00;9.449,00;8.813,00
114;8.577,00;5.112,00;8.456,00;59.841,00;76.601,00;410;18.363,00;12.966,00;36.255,00;9.449,00;8.813,00
115;8.577,00;5.112,00;8.456,00;59.841,00;76.601,00;410;18.363,00;12.966,00;36.255,00;9.449,00;8.813,00
116;8.577,00;5.112,00;8.456,00;59.841,00;76.601,00;410;18.363,00;12.966,00;36.255,00;9.449,00;8.813,00
117;8.577,00;5.112,00;8.456,00;59.841,00;76.601,00;410;18.363,00;12.966,00;36.255,00;9.449,00;8.813,00
118;8.577,00;5.112,00;8.456,00;59.841,00;76.601,00;410;18.363,00;12.966,00;36.255,00;9.449,00;8.813,00
119;8.577,00;5.112,00;8.456,00;59.841,00;76.601,00;410;18.363,00;12.966,00;36.255,00;9.449,00;8.813,00
120;8.577,00;5.112,00;8.456,00;59.841,00;76.601,00;410;18.363,00;12.966,00;36.255,00;9.449,00;8.813,00
121;8.577,00;5.112,00;8.456,00;59.841,00;76.601,00;410;18.363,00;12.966,00;36.255,00;9.449,00;8.813,00
122;8.577,00;5.112,00;8.456,00;59.841,00;76.601,00;410;18.363,00;12.966,00;36.255,00;9.449,00;8.813,00
123;8.577,00;5.112,00;8.456,00;59.841,00;76.601,00;410;18.363,00;12.966,00;36.255,00;9.449,00;8.813,00
124;8.577,00;5.112,00;8.456,00;59.841,00;76.601,00;410;18.363,00;12.966,00;36.255,00;9.449,00;8.813,00
125;8.577,00;5.112,00;8.456,00;59.841,00;76.601,00;410;18.363,00;12.966,00;36.255,00;9.449,00;8.813,00
126;8.577,00;5.112,00;8.456,00;59.841,00;76.601,00;410;18.363,00;12.966,00;36.255,00;9.449,00;8.813,00
127;8.577,00;5.112,00;8.456,00;59.841,00;76.601,00;410;18.363,00;12.966,00;36.255,00;9.449,00;8.813,00
128;8.577,00;5.112,00;8.456,00;59.841,00;76.601,00;410;18.363,00;12.966,00;36.255,00;9.449,00;8.813,00
129;8.577,00;5.112,00;8.456,00;59.841,00;76.601,00;410;18.363,00;12.966,00;36.255,00;9.449,00;8.813,00
130;8.577,00;5.112,00;8.456,00;59.841,00;76.601,00;410;18.363,00;12.966,00;36.255,00;9.449,00;8.813,00
131;8.577,00;5.112,00;8.456,00;59.841,00;76.601,00;410;18.363,00;12.966,00;36.255,00;9.449,00;8.813,00
132;8.577,00;5.112,00;8.456,00;59.841,00;76.601,00;410;18.363,00;12.966,00;36.255,00;9.449,00;8.813,00
133;8.577,00;5.112,00;8.456,00;59.841,00;76.601,00;410;18.363,00;12.966,00;36.255,00;9.449,00;8.813,00
134;8.577,00;5.112,00;8.456,00;59.841,00;76.601,00;410;18.363,00;12.966,00;36.255,00;9.449,00;8.813,00
135;8.577,00;5.112,00;8.456,00;59.841,00;76.601,00;410;18.363,00;12.966,00;36.255,00;9.449,00;8.813,00
136;8.577,00;5.112,00;8.456,00;59.841,00;76.601,00;410;18.363,00;12.966,00;36.255,00;9.449,00;8.813,00
137;8.577,00;5.112,00;8.456,00;59.841,00;76.601,00;410;18.363,00;12.966,00;36.255,00;9.449,00;8.813,00
138;8.577,00;5.112,00;8.456,00;59.841,00;76.601,00;410;18.363,00;12.966,00;36.255,00;9.449,00;8.813,00
139;8.577,00;5.112,00;8.456,00;59.841,00;76.601,00;410;18.363,00;12.966,00;36.255,00;9.449,00;8.813,00
140;8.577,00;5.112,00;8.456,00;59.841,00;76.601,00;410;18.363,00;12.966,00;36.255,00;9.449,00;8.813,00
141;8.577,00;5.112,00;8.456,00;59.841,00;76.601,00;410;18.363,00;12.966,00;36.255,00;9.449,00;8.813,00
142;8.577,00;5.112,00;8.456,00;59.841,00;76.601,00;410;18.363,00;12.966,00;36.255,00;9.449,00;8.813,00
143;8.577,00;5.112,00;8.456,00;59.841,00;76.601,00;410;18.363,00;12.966,00;36.255,00;9.449,00;8.813,00
144;8.577,00;5.112,00;8.456,00;59.841,00;76.601,00;410;18.363,00;12.966,00;36.255,00;9.449,00;8.813,00
145;8.577,00;5.112,00;8.456,00;59.841,00;76.601,00;410;18.363,00;12.966,00;36.255,00;9.449,00;8.813,00
146;8.577,00;5.112,00;8.456,00;59.841,00;76.601,00;410;18.363,00;12.966,00;36.255,00;9.449,00;8.813,00
147;8.577,00;5.112,00;8.456,00;59.841,00;76.601,00;410;18.363,00;12.966,00;36.255,00;9.449,00;8.813,00
148;8.577,00;5.112,00;8.456,00;59.841,00;76.601,00;410;18.363,00;12.966,00;36.255,00;9.449,00;8.813,00
149;8.577,00;5.112,00;8.456,00;59.841,00;76.601,00;410;18.363,00;12.966,00;36.255,00;9.449,00;8.813,00
150;8.577,00;5.112,00;8.456,00;59.841,00;76.601,00;410;18.363,00;12.966,00;36.255,00;9.449,00;8.813,00
151;8.577,00;5.112,00;8.456,00;59.841,00;76.601,00;410;18.363,00;12.966,00;36.255,00;9.449,00;8.813,00
152;8.577,00;5.112,00;8.456,00;59.841,00;76.601,00;410;18.363,00;12.966,00;36.255,00;9.449,00;8.813,00
153;8.577,00;5.112,00;8.456,00;59.841,00;76.601,00;410;18.363,00;12.966,00;36.255,00;9.449,00;8.813,00
154;8.577,00;5.112,00;8.456,00;59.841,00;76.601,00;410;18.363,00;12.966,00;36.255,00;9.449,00;8.813,00
155;8.577,00;5.112,00;8.456,00;59.841,00;76.601,00;410;18.363,00;12.966,00;36.255,00;9.449,00;8.813,00
156;8.577,00;5.112,00;8.456,00;59.841,00;76.601,00;410;18.363,00;12.966,00;36.255,00;9.449,00;8.813,00
157;8.577,00;5.112,00;8.456,00;59.841,00;76.601,00;410;18.363,00;12.966,00;36.255,00;9.449,00;8.813,00
158;8.577,00;5.112,00;8.456,00;59.841,00;76.601,00;410;18.363,00;12.966,00;36.255,00;9.449,00;8.813,00
159;8.577,00;5.112,00;8.456,00;59.841,00;76.601,00;410;18.363,00;12.966,00;36.255,00;9.449,00;8.813,00
160;8.577,00;5.112,00;8.456,00;59.841,00;76.601,00;410;18.363,00;12.966,00;36.255,00;9.449,00;8.813,00
161;8.577,00;5.112,00;8.456,00;59.841,00;76.601,00;410;18.363,00;12.966,00;36.255,00;9.449,00;8.813,00
162;8.577,00;5.112,00;8.456,00;59.841,00;76.601,00;410;18.363,00;12.966,00;36.255,00;9.449,00;8.813,00
163;8.577,00;5.112,00;8.456,00;59.841,00;76.601,00;410;18.363,00;12.966,00;36.255,00;9.449,00;8.813,00
164;8.577,00;5.112,00;8.456,00;59.841,00;76.601,00;410;18.363,00;12.966,00;36.255,00;9.449,00;8.813,00
165;8.577,00;5.112,00;8.456,00;59.841,00;76.601,00;410;18.363,00;12.966,00;36.255,00;9.449,00;8.813,00
166;8.577,00;5.112,00;8.456,00;59.841,00;76.601,00;410;18.363,00;12.966,00;36.255,00;9.449,00;8.813,00
167;8.577,00;5.112,00;8.456,00;59.841,00;76.601,00;410;18.363,00;12.966,00;36.255,00;9.449,00;8.813,00
168;8.577,00;5.112,00;8.456,00;59.841,00;76.601,00;410;18.363,00;12.966,00;36.255,00;9.449,00;8.813,00
169;8.577,00;5.112,00;8.456,00;59.841,00;76.601,00;410;18.363,00;12.966,00;36.255,00;9.449,00;8.813,00
170;8.577,00;5.112,00;8.456,00;59.841,00;76.601,00;410;18.363,00;12.966,00;36.255,00;9.449,00;8.813,00
171;8.577,00;5.112,00;8.456,00;59.841,00;76.601,00;410;18.363,00;12.966,00;36.255,00;9.449,00;8.813,00
172;8.577,00;5.112,00;8.456,00;59.841,00;76.601,00;410;18.363,00;12.966,00;36.255,00;9.449,00;8.813,00
173;8.577,00;5.112,00;8.456,00;59.841,00;76.601,00;410;18.363,00;12.966,00;36.255,00;9.449,00;8.813,00
174;8.577,00;5.112,00;8.456,00;59.841,00;76.601,00;410;18.363,00;12.966,00;36.255,00;9.449,00;8.813,00
175;8.577,00;5.112,00;8.456,00;59.841,00;76.601,00;410;18.363,00;12.966,00;36.255,00;9.449,00;8.813,00
176;8.577,00;5.112,00;8.456,00;59.841,00;76.601,00;410;18.363,00;12.966,00;36.255,00;9.449,00;8.813,00
177;8.577,00;5.112,00;8.456,00;59.841,00;76.601,00;410;18.363,00;12.966,00;36.255,00;9.449,00;8.813,00
178;8.577,00;5.112,00;8.456,00;59.841,00;76.601,00;410;18.363,00;12.966,00;36.255,00;9.449,00;8.813,00
179;8.577,00;5.112,00;8.456,00;59.841,00;76.601,00;410;18.363,00;12.966,00;36.255,00;9.449,00;8.813,00
180;8.577,00;5.112,00;8.456,00;59.841,00;76.601,00;410;18.363,00;12.966,00;36.255,00;9.449,00;8.813,00
181;8.577,00;5.112,00;8.456,00;59.841,00;76.601,00;410;18.363,00;12.966,00;36.255,00;9.449,00;8.813,00
182;8.577,00;5.112,00;8.456,00;59.841,00;76.601,00;410;18.363,00;12.966,00;36.255,00;9.449,00;8.813,00
183;8.577,00;5.112,00;8.456,00;59.841,00;76.601,00;410;18.363,00;12.966,00;36.255,00;9.449,00;8.813,00
184;8.577,00;5.112,00;8.456,00;59.841,00;76.601,00;410;18.363,00;12.966,00;36.255,00;9.449,00;8.813,00
185;8.577,00;5.112,00;8.456,00;59.841,00;76.601,00;410;18.363,00;12.966,00;36.255,00;9.449,00;8.813,00
186;8.577,00;5.112,00;8.456,00;59.841,00;76.601,00;410;18.363,00;12.966,00;36.255,00;9.449,00;8.813,00
187;8.577,00;5.112,00;8.456,00;59.841,00;76.601,00;410;18.363,00;12.966,00;36.255,00;9.449,00;8.813,00
188;8.577,00;5.112,00;8.456,00;59.841,00;76.601,00;410;18.363,00;12.966,00;36.255,00;9.449,00;8.813,00
189;8.577,00;5.112,00;8.456,00;59.841,00;76.601,00;410;18.363,00;12.966,00;36.255,00;9.449,00;8.813,00
190;8.577,00;5.112,00;8.456,00;59.841,00;76.601,00;410;18.363,00;12.966,00;36.255,00;9.449,00;8.813,00
191;8.577,00;5.112,00;8.456,00;59.841,00;76.601,00;410;18.363,00;12.966,00;36.255,00;9.449,00;8.813,00
192;8.577,00;5.112,00;8.456,00;59.841,00;76.601,00;410;18.363,00;12.966,00;36.255,00;9.449,00;8.813,00
193;8.577,00;5.112,00;8.456,00;59.841,00;76.601,00;410;18.363,00;12.966,00;36.255,00;9.449,00;8.813,00
194;8.577,00;5.112,00;8.456,00;59.841,00;76.601,00;410;18.363,00;12.966,00;36.255,00;9.449,00;8.813,00
195;8.577,00;5.112,00;8.456,00;59.841,00;76.601,00;410;18.363,00;12.966,00;36.255,00;9.449,00;8.813,00
196;8.577,00;5.112,00;8.456,00;59.841,00;76.601,00;410;18.363,00;12.966,00;36.255,00;9.449,00;8.813,00
197;8.577,00;5.112,00;8.456,00;59.841,00;76.601,00;410;18.363,00;12.966,00;36.255,00;9.449,00;8.813,00
198;8.577,00;5.112,00;8.456,00;59.841,00;76.601,00;410;18.363,00;12.966,00;36.255,00;9.449,00;8.813,00
199;8.577,00;5.112,00;8.456,00;59.841,00;76.601,00;410;18.363,00;12.966,00;36.255,00;9.449,00;8.813,00
200;8.577,00;5.112,00;8.456,00;59.841,00;76.601,00;410;18.363,00;12.966,00;36.255,00;9.449,00;8.813,00
201;8.577,00;5.112,00;8.456,00;59.841,00;76.601,00;410;18.363,00;12.966,00;36.255,00;9.449,00;8.813,00
202;8.577,00;5.112,00;8.456,00;59.841,00;76.601,00;410;18.363,00;12.966,00;36.255,00;9.449,00;8.813,00
203;8.577,00;5.112,00;8.456,00;59.841,00;76.601,00;410;18.363,00;12.966,00;36.255,00;9.449,00;8.813,00
204;8.577,00;5.112,00;8.456,00;59.841,00;76.601,00;410;18.363,00;12.966,00;36.255,00;9.449,00;8.813,00
205;8.577,00;5.112,00;8.456,00;59.841,00;76.601,00;410;18.363,00;12.966,00;36.255,00;9.449,00;8.813,00
206;8.577,00;5.112,00;8.456,00;59.841,00;76.601,00;410;18.363,00;12.966,00;36.255,00;9.449,00;8.813,00
207;8.577,00;5.112,00;8.456,00;59.841,00;76.601,00;410;18.363,00;12.966,00;36.255,00;9.449,00;8.813,00
208;8.577,00;5.112,00;8.456,00;59.841,00;76.601,00;410;18.363,00;12.966,00;36.255,00;9.449,00;8.813,00
209;8.577,00;5.112,00;8.456,00;59.841,00;76.601,00;410;18.363,00;12.966,00;36.255,00;9.449,00;8.813,00
210;8.577,00;5.112,00;8.456,00;59.841,00;76.601,00;410;18.363,00;12.966,00;36.255,00;9.449,00;8.813,00
211;8.577,00;5.112,00;8.456,00;59.841,00;76.601,00;410;18.363,00;12.966,00;36.255,00;9.449,00;8.813,00
212;8.577,00;5.112,00;8.456,00;59.841,00;76.601,00;410;18.363,00;12.966,00;36.255,00;9.449,00;8.813,00
213;8.577,00;5.112,00;8.456,00;59.841,00;76.601,00;410;18.363,00;12.966,00;36.255,00;9.449,00;8.813,00
214;8.577,00;5.112,00;8.456,00;59.841,00;76.601,00;410;18.363,00;12.966,00;36.255,00;9.449,00;8.813,00
215;8.577,00;5.112,00;8.456,00;59.841,00;76.601,00;410;18.363,00;12.966,00;36.255,00;9.449,00;8.813,00
216;8.577,00;5.112,00;8.456,00;59.841,00;76.601,00;410;18.363,00;12.966,00;36.255,00;9.449,00;8.813,00
217;8.577,00;5.112,00;8.456,00;59.841,00;76.601,00;410;18.363,00;12.966,00;36.255,00;9.449,00;8.813,00
218;8.577,00;5.112,00;8.456,00;59.841,00;76.601,00;410;18.363,00;12.966,00;36.255,00;9.449,00;8.813,00
219;8.577,00;5.112,00;8.456,00;59.841,00;76.601,00;410;18.363,00;12.966,00;36.255,00;9.449,00;8.813,00
220;8.577,00;5.112,00;8.456,00;59.841,00;76.601,00;410;18.363,00;12.966,00;36.255,00;9.449,00;8.813,00
221;8.577,00;5.112,00;8.456,00;59.841,00;76.601,00;410;18.363,00;12.966,00;36.255,00;9.449,00;8.813,00
222;8.577,00;5.112,00;8.456,00;59.841,00;76.601,00;410;18.363,00;12.966,00;36.255,00;9.449,00;8.813,00
223;8.577,00;5.112,00;8.456,00;59.841,00;76.601,00;410;18.363,00;12.966,00;36.255,00;9.449,00;8.813,00
224;8.577,00;5.112,00;8.456,00;59.841,00;76.601,00;410;18.363,00;12.966,00;36.255,00;9.449,00;8.813,00
225;8.577,00;5.112,00;8.456,00;59.841,00;76.601,00;410;18.363,00;12.966,00;36.255,00;9.449,00;8.813,00
226;8.577,00;5.112,00;8.456,00;59.841,00;76.601,00;410;18.363,00;12.966,00;36.255,00;9.449,00;8.813,00
227;8.577,00;5.112,00;8.456,00;59.841,00;76.601,00;410;18.363,00;12.966,00;36.255,00;9.449,00;8.813,00
228;8.577,00;5.112,00;8.456,00;59.841,00;76.601,00;410;18.363,00;12.966,00;36.255,00;9.449,00;8.813,00
229;8.577,00;5.112,00;8.456,00;59.841,00;76.601,00;410;18.363,00;12.966,00;36.255,00;9.449,00;8.813,00
230;8.577,00;5.112,00;8.456,00;59.841,00;76.601,00;410;18.363,00;12.966,00;36.255,00;9.449,00;8.813,00
231;8.577,00;5.112,00;8.456,00;59.841,00;76.601,00;410;18.363,00;12.966,00;36.255,00;9.449,00;8.813,00
232;8.577,00;5.112,00;8.456,00;59.841,00;76.601,00;410;18.363,00;12.966,00;36.255,00;9.449,00;8.813,00
233;8.577,00;5.112,00;8.456,00;59.841,00;76.601,00;410;18.363,00;12.966,00;36.255,00;9.449,00;8.813,00
234;8.577,00;5.112,00;8.456,00;59.841,00;76.601,00;410;18.363,00;12.966,00;36.255,00;9.449,00;8.813,00
235;8.577,00;5.112,00;8.456,00;59.841,00;76.601,00;410;18.363,00;12.966,00;36.255,00;9.449,00;8.813,00
236;8.577,00;5.112,00;8.456,00;59.841,00;76.601,00;410;18.363,00;12.966,00;36.255,00;9.449,00;8.813,00
237;8.577,00;5.112,00;8.456,00;59.841,00;76.601,00;410;18.363,00;12.966,00;36.255,00;9.449,00;8.813,00
238;8.577,00;5.112,00;8.456,00;59.841,00;76.601,00;410;18.363,00;12.966,00;36.255,00;9.449,00;8.813,00
239;8.577,00;5.112,00;8.456,00;59.841,00;76.601,00;410;18.363,00;12.966,00;36.255,00;9.449,00;8.813,00
240;8.577,00;5.112,00;8.456,00;59.841,00;76.601,00;410;18.363,00;12.966,00;36.255,00;9.449,00;8.813,00
241;8.577,00;5.112,00;8.456,00;59.841,00;76.601,00;410;18.363,00;12.966,00;36.255,00;9.449,00;8.813,00
242;8.577,00;5.112,00;8.456,00;59.841,00;76.601,00;410;18.363,00;12.966,00;36.255,00;9.449,00;8.813,00
243;8.577,00;5.112,00;8.456,00;59.841,00;76.601,00;410;18.363,00;12.966,00;36.255,00;9.449,00;8.813,00
244;8.577,00;5.112,00;8.456,00;59.841,00;76.601,00;410;18.363,00;12.966,00;36.255,00;9.449,00;8.813,00
245;8.577,00;5.112,00;8.456,00;59.841,00;76.601,00;410;18.363,00;12.966,00;36.255,00;9.449,00;8.813,00
246;8.577,00;5.112,00;8.456,00;59.841,00;76.601,00;410;18.363,00;12.966,00;36.255,00;9.449,00;8.813,00
247;8.577,00;5.112,00;8.456,00;59.841,00;76.601,00;410;18.363,00;12.966,00;36.255,00;9.449,00;8.813,00
248;8.577,00;5.112,00;8.456,00;59.841,00;76.601,00;410;18.363,00;12.966,00;36.255,00;9.449,00;8.813,00
249;8.577,00;5.112,00;8.456,00;59.841,00;76.601,00;410;18.363,00;12.966,00;36.255,00;9.449,00;8.813,00
250;8.577,00;5.112,00;8.456,00;59.841,00;76.601,00;410;18.363,00;12.966,00;36.255,00;9.449,00;8.813,00
251;8.577,00;5.112,00;8.456,00;59.841,00;76.601,00;410;18.363,00;12.966,00;36.255,00;9.449,00;8.813,00
252;8.577,00;5.112,00;8.456,00;59.841,00;76.601,00;410;18.363,00;12.966,00;36.255,00;9.449,00;8.813,00
253;8.577,00;5.112,00;8.456,00;59.841,00;76.601,00;410;18.363,00;12.966,00;36.255,00;9.449,00;8.813,00
254;8.577,00;5.112,00;8.456,00;59.841,00;76.601,00;410;18.363,00;12.966,00;36.255,00;9.449,00;8.813,00
255;8.577,00;5.112,00;8.456,00;59.841,00;76.601,00;410;18.363,00;12.966,00;36.255,00;9.449,00;8.813,00
256;8.577,00;5.112,00;8.456,00;59.841,00;76.601,00;410;18.363,00;12.966,00;36.255,00;9.449,00;8.813,00
257;8.577,00;5.112,00;8.456,00;59.841,00;76.601,00;410;18.363,00;12.966,00;36.255,00;9.449,00;8.813,00
258;8.577,00;5.112,00;8.456,00;59.841,00;76.601,00;410;18.363,00;12.966,00;36.255,00;9.449,00;8.813,00
259;8.577,00;5.112,00;8.456,00;59.841,00;76.601,00;410;18.363,00;12.966,00;36.255,00;9.449,00;8.813,00
260;8.577,00;5.112,00;8.456,00;59.841,00;76.601,00;410;18.363,00;12.966,00;36.255,00;9.449,00;8.813,00
261;8.577,00;5.112,00;8.456,00;59.841,00;76.601,00;410;18.363,00;12.966,00;36.255,00;9.449,00;8.813,00
262;8.577,00;5.112,00;8.456,00;59.841,00;76.601,00;410;18.363,00;12.966,00;36.255,00;9.449,00;8.813,00
263;8.577,00;5.112,00;8.456,00;59.841,00;76.601,00;410;18.363,00;12.966,00;36.255,00;9.449,00;8.813,00
264;8.577,00;5.112,00;8.456,00;59.841,00;76.601,00;410;18.363,00;12.966,00;36.255,00;9.449,00;8.813,00
265;8.577,00;5.112,00;8.456,00;59.841,00;76.601,00;410;18.363,00;12.966,00;36.255,00;9.449,00;8.813,00
266;8.577,00;5.112,00;8.456,00;59.841,00;76.601,00;410;18.363,00;12.966,00;36.255,00;9.449,00;8.813,00
267;8.577,00;5.112,00;8.456,00;59.841,00;76.601,00;410;18.363,00;12.966,00;36.255,00;9.449,00;8.813,00
268;8.577,00;5.112,00;8.456,00;59.841,00;76.601,00;410;18.363,00;12.966,00;36.255,00;9.449,00;8.813,00
269;8.577,00;5.112,00;8.456,00;59.841,00;76.601,00;410;18.363,00;12.966,00;36.255,00;9.449,00;8.813,00
270;8.577,00;5.112,00;8.456,00;59.841,00;76.601,00;410;18.363,00;12.966,00;36.255,00;9.449,00;8.813,00
271;8.577,00;5.112,00;8.456,00;59.841,00;76.601,00;410;18.363,00;12.966,00;36.255,00;9.449,00;8.813,00
272;8.577,00;5.112,00;8.456,00;59.841,00;76.601,00;410;18.363,00;12.966,00;36.255,00;9.449,00;8.813,00
273;8.577,00;5.112,00;8.456,00;59.841,00;76.601,00;410;18.363,00;12.966,00;36.255,00;9.449,00;8.813,00
274;8.577,00;5.112,00;8.456,00;59.841,00;76.601,00;410;18.363,00;12.966,00;36.255,00;9.449,00;8.813,00
275;8.577,00;5.112,00;8.456,00;59.841,00;76.601,00;410;18.363,00;12.966,00;36.255,00;9.449,00;8.813,00
276;8.577,00;5.112,00;8.456,00;59.841,00;76.601,00;410;18.363,00;12.966,00;36.255,00;9.449,00;8.813,00
277;8.577,00;5.112,00;8.456,00;59.841,00;76.601,00;410;18.363,00;12.966,00;36.255,00;9.449,00;8.813,00
278;8.577,00;5.112,00;8.456,00;59.841,00;76.601,00;410;18.363,00;12.966,00;36.255,00;9.449,00;8.813,00
279;8.577,00;5.112,00;8.456,00;59.841,00;76.601,00;410;18.363,00;12.966,00;36.255,00;9.449,00;8.813,00
280;8.577,00;5.112,00;8.456,00;59.841,00;76.601,00;410;18.363,00;12.966,00;36.255,00;9.449,00;8.813,00
281;8.577,00;5.112,00;8.456,00;59.841,00;76.601,00;410;18.363,00;12.966,00;36.255,00;9.449,00;8.813,00
282;8.577,00;5.112,00;8.456,00;59.841,00;76.601,00;410;18.363,00;12.966,00;36.255,00;9.449,00;8.813,00
283;8.577,00;5.112,00;8.456,00;59.841,00;76.601,00;410;18.363,00;12.966,00;36.255,00;9.449,00;8.813,00
284;8.577,00;5.112,00;8.456,00;59.841,00;76.601,00;410;18.363,00;12.966,00;36.255,00;9.449,00;8.813,00
285;8.577,00;5.112,00;8.456,00;59.841,00;76.601,00;410;18.363,00;12.966,00;36.255,00;9.449,00;8.813,00
286;8.577,00;5.112,00;8.456,00;59.841,00;76.601,00;410;18.363,00;12.966,00;36.255,00;9.449,00;8.813,00
287;8.577,00;5.112,00;8.456,00;59.841,00;76.601,00;410;18.363,00;12.966,00;36.255,00;9.449,00;8.813,00
288;8.577,00;5.112,00;8.456,00;59.841,00;76.601,00;410;18.363,00;12.966,00;36.255,00;9.449,00;8.813,00
289;8.577,00;5.112,00;8.456,00;59.841,00;76.601,00;410;18.363,00;12.966,00;36.255,00;9.449,00;8.813,00
290;8.577,00;5.112,00;8.456,00;59.841,00;76.601,00;410;18.363,00;12.966,00;36.255,00;9.449,00;8.813,00
291;8.577,00;5.112,00;8.456,00;59.841,00;76.601,00;410;18.363,00;12.966,00;36.255,00;9.449,00;8.813,00
292;8.577,00;5.112,00;8.456,00;59.841,00;76.601,00;410;18.363,00;12.966,00;36.255,00;9.449,00;8.813,00
293;8.577,00;5.112,00;8.456,00;59.841,00;76.601,00;410;18.363,00;12.966,00;36.255,00;9.449,00;8.813,00
294;8.577,00;5.112,00;8.456,00;59.841,00;76.601,00;410;18.363,00;12.966,00;36.255,00;9.449,00;8.813,00
295;8.577,00;5.112,00;8.456,00;59.841,00;76.601,00;410;18.363,00;12.966,00;36.255,00;9.449,00;8.813,00
296;8.577,00;5.112,00;8.456,00;59.841,00;76.601,00;410;18.363,00;12.966,00;36.255,00;9.449,00;8.813,00
297;8.577,00;5.112,00;8.456,00;59.841,00;76.601,00;410;18.363,00;12.966,00;36.255,00;9.449,00;8.813,00
298;8.577,00;5.112,00;8.456,00;59.841,00;76.601,00;410;18.363,00;12.966,00;36.255,00;9.449,00;8.813,00
299;8.577,00;5.112,00;8.456,00;59.841,00;76.601,00;410;18.363,00;12.966,00;36.255,00;9.449,00;8.813,00
300;8.577,00;5.112,00;8.456,00;59.841,00;76.601,00;410;18.363,00;12.966,00;36.255,00;9.449,00;8.813,00
301;8.577,00;5.112,00;8.456,00;59.841,00;76.601,00;410;18.363,00;12.966,00;36.255,00;9.449,00;8.813,00
302;8.577,00;5.112,00;8.456,00;59.841,00;76.601,00;410;18.363,00;12.966,00;36.255,00;9.449,00;8.813,00
303;8.577,00;5.112,00;8.456,00;59.841,00;76.601,00;410;18.363,00;12.966,00;36.255,00;9.449,00;8.813,00
304;8.577,00;5.112,00;8.456,00;59.841,00;76.601,00;410;18.363,00;12.966,00;36.255,00;9.449,00;8.813,00
305;8.577,00;5.112,00;8.456,00;59.841,00;76.601,00;410;18.363,00;12.966,00;36.255,00;9.449,00;8.813,00
306;8.577,00;5.112,00;8.456,00;59.841,00;76.601,00;410;18.363,00;12.966,00;36.255,00;9.449,00;8.813,00
307;8.577,00;5.112,00;8.456,00;59.841,00;76.601,00;410;18.363,00;12.966,00;36.255,00;9.449,00;8.813,00
308;8.577,00;5.112,00;8.456,00;59.841,00;76.601,00;410;18.363,00;12.966,00;36.255,00;9.449,00;8.813,00
309;8.577,00;5.112,00;8.456,00;59.841,00;76.601,00;410;18.363,00;12.966,00;36.255,00;9.449,00;8.813,00
310;8.577,00;5.112,00;8.456,00;59.841,00;76.601,00;410;18.363,00;12.966,00;36.255,00;9.449,00;8.813,00
311;8.577,00;5.112,00;8.456,00;59.841,00;76.601,00;410;18.363,00;12.966,00;36.255,00;9.449,00;8.813,00
312;8.577,00;5.112,00;8.456,00;59.841,00;76.601,00;410;18.363,00;12.966,00;36.255,00;9.449,00;8.813,00
313;8.577,00;5.112,00;8.456,00;59.841,00;76.601,00;410;18.363,00;12.966,00;36.255,00;9.449,00;8.813,00
314;8.577,00;5.112,00;8.456,00;59.841,00;76.601,00;410;18.363,00;12.966,00;36.255,00;9.449,00;8.813,00
315;8.577,00;5.112,00;8.456,00;59.841,00;76.601,00;410;18.363,00;12.966,00;36.255,00;9.449,00;8.813,00
316;8.577,00;5.112,00;8.456,00;59.841,00;76.601,00;410;18.363,00;12.966,00;36.255,00;9.449,00;8.813,00
317;8.577,00;5.112,00;8.456,00;59.841,00;76.601,00;410;18.363,00;12.966,00;36.255,00;9.449,00;8.813,00
318;8.577,00;5.112,00;8.456,00;59.841,00;76.601,00;410;18.363,00;12.966,00;36.255,00;9.449,00;8.813,00
319;8.577,00;5.112,00;8.456,00;59.841,00;76.601,00;410;18.363,00;12.966,00;36.255,00;9.449,00;8.813,00
320;8.577,00;5.112,00;8.456,00;59.841,00;76.601,00;410;18.363,00;12.966,00;36.255,00;9.449,00;8.813,00
321;8.577,00;5.112,00;8.456,00;59.841,00;76.601,00;410;18.363,00;12.966,00;36.255,00;9.449,00;8.813,00
322;8.577,00;5.112,00;8.456,00;59.841,00;76.601,00;410;18.363,00;12.966,00;36.255,00;9.449,00;8.813,00
323;8.577,00;5.112,00;8.456,00;59.841,00;76.601,00;410;18.363,00;12.966,00;36.255,00;9.449,00;8.813,00
324;8.577,00;5.112,00;8.456,00;59.841,00;76.601,00;410;18.363,00;12.966,00;36.255,00;9.449,00;8.813,00
325;8.577,00;5.112,00;8.456,00;59.841,00;76.601,00;410;18.363,00;12.966,00;36.255,00;9.449,00;8.813,00
326;8.577,00;5.112,00;8.456,00;59.841,00;76.601,00;410;18.363,00;12.966,00;36.255,00;9.449,00;8.813,00
327;8.577,00;5.112,00;8.456,00;59.841,00;76.601,00;410;18.363,00;12.966,00;36.255,00;9.449,00;8.813,00
328;8.577,00;5.112,00;8.456,00;59.841,00;76.601,00;410;18.363,00;12.966,00;36.255,00;9.449,00;8.813,00
329;8.577,00;5.112,00;8.456,00;59.841,00;76.601,00;410;18.363,00;12.966,00;36.255,00;9.449,00;8.813,00
330;8.577,00;5.112,00;8.456,00;59.841,00;76.601,00;410;18.363,00;12.966,00;36.255,00;9.449,00;8.813,00
331;8.577,00;5.112,00;8.456,00;59.841,00;76.601,00;410;18.363,00;12.966,00;36.255,00;9.449,00;8.813,00
332;8.577,00;5.112,00;8.456,00;59.841,00;76.601,00;410;18.363,00;12.966,00;36.255,00;9.449,00;8.813,00
333;8.577,00;5.112,00;8.456,00;59.841,00;76.601,00;410;18.363,00;12.966,00;36.255,00;9.449,00;8.813,00
334;8.577,00;5.112,00;8.456,00;59.841,00;76.601,00;410;18.363,00;12.966,00;36.255,00;9.449,00;8.813,00
335;8.577,00;5.112,00;8.456,00;59.841,00;76.601,00;410;18.363,00;12.966,00;36.255,00;9.449,00;8.813,00
336;8.577,00;5.112,00;8.456,00;59.841,00;76.601,00;410;18.363,00;12.966,00;36.255,00;9.449,00;8.813,00
